Reference Area,Time Period,Sex,Age group,Units of measurement,Observation Value
Albania,2017,Not applicable,Not applicable,Percent,19.83156
Andorra,2018,Not applicable,Not applicable,Percent,20.50635
Andorra,2017,Not applicable,Not applicable,Percent,35.24732
Andorra,2015,Not applicable,Not applicable,Percent,21.35985
Andorra,2014,Not applicable,Not applicable,Percent,20.93461
Andorra,2013,Not applicable,Not applicable,Percent,26.12787
Andorra,2011,Not applicable,Not applicable,Percent,24.6467
Andorra,2010,Not applicable,Not applicable,Percent,21.49304
Andorra,2009,Not applicable,Not applicable,Percent,20.61861
Andorra,2008,Not applicable,Not applicable,Percent,18.76191
Andorra,2006,Not applicable,Not applicable,Percent,16.15862
Angola,2010,Not applicable,Not applicable,Percent,42.42431
Angola,2009,Not applicable,Not applicable,Percent,55.21764
Anguilla,2012,Not applicable,Not applicable,Percent,56.08973
Anguilla,2009,Not applicable,Not applicable,Percent,51.25681
Anguilla,2007,Not applicable,Not applicable,Percent,45.62306
Anguilla,2006,Not applicable,Not applicable,Percent,46.1805
Anguilla,2002,Not applicable,Not applicable,Percent,35.24102
Antigua and Barbuda,2013,Not applicable,Not applicable,Percent,48.39249
Antigua and Barbuda,2006,Not applicable,Not applicable,Percent,35.1522
Antigua and Barbuda,2003,Not applicable,Not applicable,Percent,37.28083
Argentina,2017,Not applicable,Not applicable,Percent,41.52728
Argentina,2016,Not applicable,Not applicable,Percent,40.4385
Argentina,2015,Not applicable,Not applicable,Percent,40.47189
Argentina,2014,Not applicable,Not applicable,Percent,39.64997
Argentina,2013,Not applicable,Not applicable,Percent,40.77314
Argentina,2012,Not applicable,Not applicable,Percent,39.19364
Argentina,2011,Not applicable,Not applicable,Percent,39.24554
Argentina,2010,Not applicable,Not applicable,Percent,40.02116
Argentina,2009,Not applicable,Not applicable,Percent,41.68709
Argentina,2008,Not applicable,Not applicable,Percent,37.79909
Argentina,2007,Not applicable,Not applicable,Percent,37.2599
Argentina,2006,Not applicable,Not applicable,Percent,39.24177
Argentina,2005,Not applicable,Not applicable,Percent,36.62538
Argentina,2004,Not applicable,Not applicable,Percent,35.70325
Argentina,2003,Not applicable,Not applicable,Percent,36.90678
Argentina,2002,Not applicable,Not applicable,Percent,33.21242
Armenia,2018,Not applicable,Not applicable,Percent,54.46204
Armenia,2017,Not applicable,Not applicable,Percent,48.881
Armenia,2016,Not applicable,Not applicable,Percent,49.14663
Aruba,2009,Not applicable,Not applicable,Percent,26.76837
Aruba,2008,Not applicable,Not applicable,Percent,28.42047
Aruba,2006,Not applicable,Not applicable,Percent,28.01178
Aruba,2005,Not applicable,Not applicable,Percent,29.55082
Aruba,2004,Not applicable,Not applicable,Percent,27.69825
Aruba,2003,Not applicable,Not applicable,Percent,29.22213
Aruba,2002,Not applicable,Not applicable,Percent,24.99765
Australia,2017,Not applicable,Not applicable,Percent,33.06493
Australia,2016,Not applicable,Not applicable,Percent,35.26151
Australia,2015,Not applicable,Not applicable,Percent,36.59127
Australia,2014,Not applicable,Not applicable,Percent,36.78888
Australia,2013,Not applicable,Not applicable,Percent,37.7816
Australia,2012,Not applicable,Not applicable,Percent,38.6164
Australia,2011,Not applicable,Not applicable,Percent,38.9362
Australia,2010,Not applicable,Not applicable,Percent,39.60015
Australia,2009,Not applicable,Not applicable,Percent,39.71213
Australia,2004,Not applicable,Not applicable,Percent,38.58981
Austria,2017,Not applicable,Not applicable,Percent,41.20598
Austria,2016,Not applicable,Not applicable,Percent,41.64037
Austria,2015,Not applicable,Not applicable,Percent,45.36195
Austria,2014,Not applicable,Not applicable,Percent,44.35989
Austria,2013,Not applicable,Not applicable,Percent,46.7337
Austria,2012,Not applicable,Not applicable,Percent,46.27748
Austria,2011,Not applicable,Not applicable,Percent,46.28443
Austria,2010,Not applicable,Not applicable,Percent,46.57931
Austria,2009,Not applicable,Not applicable,Percent,45.93728
Austria,2008,Not applicable,Not applicable,Percent,47.2796
Austria,2007,Not applicable,Not applicable,Percent,48.93912
Austria,2006,Not applicable,Not applicable,Percent,45.71637
Austria,2005,Not applicable,Not applicable,Percent,45.20663
Austria,2004,Not applicable,Not applicable,Percent,45.41346
Austria,2003,Not applicable,Not applicable,Percent,44.83275
Austria,2002,Not applicable,Not applicable,Percent,44.06058
Bangladesh,2013,Not applicable,Not applicable,Percent,40.2057
Bangladesh,2012,Not applicable,Not applicable,Percent,39.59189
Bangladesh,2011,Not applicable,Not applicable,Percent,40.78195
Bangladesh,2010,Not applicable,Not applicable,Percent,43.42247
Bangladesh,2008,Not applicable,Not applicable,Percent,48.47068
Bangladesh,2007,Not applicable,Not applicable,Percent,45.46181
Bangladesh,2006,Not applicable,Not applicable,Percent,43.75585
Bangladesh,2004,Not applicable,Not applicable,Percent,36.10576
Bangladesh,2003,Not applicable,Not applicable,Percent,37.85218
Barbados,2018,Not applicable,Not applicable,Percent,22.47617
Barbados,2017,Not applicable,Not applicable,Percent,24.86012
Barbados,2016,Not applicable,Not applicable,Percent,29.93281
Barbados,2014,Not applicable,Not applicable,Percent,29.63741
Barbados,2013,Not applicable,Not applicable,Percent,28.94022
Barbados,2012,Not applicable,Not applicable,Percent,29.36943
Barbados,2011,Not applicable,Not applicable,Percent,32.48282
Barbados,2009,Not applicable,Not applicable,Percent,31.69585
Barbados,2008,Not applicable,Not applicable,Percent,32.47932
Barbados,2007,Not applicable,Not applicable,Percent,35.00732
Barbados,2006,Not applicable,Not applicable,Percent,33.86607
Barbados,2005,Not applicable,Not applicable,Percent,32.81314
Barbados,2004,Not applicable,Not applicable,Percent,35.54464
Barbados,2003,Not applicable,Not applicable,Percent,33.21971
Belgium,2015,Not applicable,Not applicable,Percent,42.79803
Belgium,2014,Not applicable,Not applicable,Percent,42.50498
Belgium,2013,Not applicable,Not applicable,Percent,43.31527
Belgium,2012,Not applicable,Not applicable,Percent,43.25226
Belgium,2011,Not applicable,Not applicable,Percent,42.91614
Belgium,2010,Not applicable,Not applicable,Percent,42.53314
Belgium,2009,Not applicable,Not applicable,Percent,43.0985
Belgium,2008,Not applicable,Not applicable,Percent,43.01644
Belgium,2007,Not applicable,Not applicable,Percent,42.56064
Belgium,2006,Not applicable,Not applicable,Percent,44.45729
Belgium,2005,Not applicable,Not applicable,Percent,43.3456
Belize,2017,Not applicable,Not applicable,Percent,38.13867
Belize,2014,Not applicable,Not applicable,Percent,41.12907
Belize,2013,Not applicable,Not applicable,Percent,39.90655
Belize,2012,Not applicable,Not applicable,Percent,40.34306
Belize,2008,Not applicable,Not applicable,Percent,39.15797
Belize,2004,Not applicable,Not applicable,Percent,31.62375
Belize,2003,Not applicable,Not applicable,Percent,31.06729
Benin,2018,Not applicable,Not applicable,Percent,26.25183
Benin,2017,Not applicable,Not applicable,Percent,26.36371
Benin,2016,Not applicable,Not applicable,Percent,21.971
Benin,2014,Not applicable,Not applicable,Percent,27.98253
Benin,2013,Not applicable,Not applicable,Percent,22.23424
Benin,2012,Not applicable,Not applicable,Percent,24.14933
Benin,2011,Not applicable,Not applicable,Percent,19.39643
Benin,2010,Not applicable,Not applicable,Percent,24.67609
Benin,2009,Not applicable,Not applicable,Percent,32.82716
Benin,2008,Not applicable,Not applicable,Percent,28.69094
Benin,2007,Not applicable,Not applicable,Percent,26.81012
Benin,2006,Not applicable,Not applicable,Percent,24.33237
Benin,2005,Not applicable,Not applicable,Percent,25.10314
Benin,2004,Not applicable,Not applicable,Percent,25.69266
Bermuda,2018,Not applicable,Not applicable,Percent,44.33285
Bermuda,2014,Not applicable,Not applicable,Percent,45.41727
Bermuda,2009,Not applicable,Not applicable,Percent,52.28503
Bermuda,2008,Not applicable,Not applicable,Percent,52.36858
Bermuda,2002,Not applicable,Not applicable,Percent,59.62328
Bhutan,2018,Not applicable,Not applicable,Percent,55.67762
Bhutan,2017,Not applicable,Not applicable,Percent,54.5583
Bhutan,2015,Not applicable,Not applicable,Percent,56.73914
Bhutan,2014,Not applicable,Not applicable,Percent,53.8765
Bhutan,2013,Not applicable,Not applicable,Percent,56.01992
Bhutan,2012,Not applicable,Not applicable,Percent,55.73444
Bhutan,2009,Not applicable,Not applicable,Percent,50.94363
Bolivia,2018,Not applicable,Not applicable,Percent,36.32179
Bolivia,2017,Not applicable,Not applicable,Percent,33.31614
Bolivia,2016,Not applicable,Not applicable,Percent,32.45171
Bolivia,2015,Not applicable,Not applicable,Percent,29.08421
Bolivia,2014,Not applicable,Not applicable,Percent,26.28993
Bolivia,2013,Not applicable,Not applicable,Percent,25.99637
Bolivia,2012,Not applicable,Not applicable,Percent,26.06294
Bolivia,2010,Not applicable,Not applicable,Percent,25.58609
Bolivia,2007,Not applicable,Not applicable,Percent,24.31532
Bolivia,2006,Not applicable,Not applicable,Percent,23.41662
Bolivia,2005,Not applicable,Not applicable,Percent,18.97109
Bolivia,2004,Not applicable,Not applicable,Percent,18.46803
Bolivia,2003,Not applicable,Not applicable,Percent,21.10119
Bolivia,2002,Not applicable,Not applicable,Percent,20.53519
Botswana,2013,Not applicable,Not applicable,Percent,32.69546
Botswana,2011,Not applicable,Not applicable,Percent,44.22748
Botswana,2009,Not applicable,Not applicable,Percent,39.61589
Brazil,2016,Not applicable,Not applicable,Percent,44.61853
Brazil,2015,Not applicable,Not applicable,Percent,45.11796
Brazil,2014,Not applicable,Not applicable,Percent,44.66491
Brazil,2013,Not applicable,Not applicable,Percent,44.60847
Brazil,2012,Not applicable,Not applicable,Percent,44.56404
Brazil,2011,Not applicable,Not applicable,Percent,43.65552
Brazil,2010,Not applicable,Not applicable,Percent,43.78798
Brazil,2009,Not applicable,Not applicable,Percent,38.78848
Brazil,2008,Not applicable,Not applicable,Percent,39.36346
Brazil,2006,Not applicable,Not applicable,Percent,40.36336
Brazil,2005,Not applicable,Not applicable,Percent,40.08059
Brazil,2004,Not applicable,Not applicable,Percent,38.44232
Brazil,2003,Not applicable,Not applicable,Percent,35.6574
Brazil,2002,Not applicable,Not applicable,Percent,37.59655
British Virgin Islands,2014,Not applicable,Not applicable,Percent,33.98731
British Virgin Islands,2013,Not applicable,Not applicable,Percent,37.12895
British Virgin Islands,2011,Not applicable,Not applicable,Percent,37.7467
British Virgin Islands,2010,Not applicable,Not applicable,Percent,36.80849
British Virgin Islands,2009,Not applicable,Not applicable,Percent,31.2194
British Virgin Islands,2005,Not applicable,Not applicable,Percent,28.62879
Brunei Darussalam,2018,Not applicable,Not applicable,Percent,38.68534
Brunei Darussalam,2014,Not applicable,Not applicable,Percent,46.78163
Bulgaria,2016,Not applicable,Not applicable,Percent,39.15796
Bulgaria,2015,Not applicable,Not applicable,Percent,41.40841
Bulgaria,2014,Not applicable,Not applicable,Percent,42.97612
Bulgaria,2013,Not applicable,Not applicable,Percent,40.61605
Bulgaria,2012,Not applicable,Not applicable,Percent,42.5014
Bulgaria,2011,Not applicable,Not applicable,Percent,44.52821
Bulgaria,2010,Not applicable,Not applicable,Percent,44.68915
Bulgaria,2009,Not applicable,Not applicable,Percent,45.93552
Bulgaria,2008,Not applicable,Not applicable,Percent,39.88061
Bulgaria,2007,Not applicable,Not applicable,Percent,44.61046
Bulgaria,2006,Not applicable,Not applicable,Percent,46.84036
Bulgaria,2005,Not applicable,Not applicable,Percent,46.74247
Bulgaria,2002,Not applicable,Not applicable,Percent,43.89643
Burkina Faso,2018,Not applicable,Not applicable,Percent,16.8993
Burkina Faso,2017,Not applicable,Not applicable,Percent,15.16182
Burkina Faso,2016,Not applicable,Not applicable,Percent,18.30538
Burkina Faso,2015,Not applicable,Not applicable,Percent,19.06348
Burkina Faso,2014,Not applicable,Not applicable,Percent,18.00193
Burkina Faso,2011,Not applicable,Not applicable,Percent,15.71942
Burkina Faso,2010,Not applicable,Not applicable,Percent,11.50702
Burkina Faso,2009,Not applicable,Not applicable,Percent,10.32474
Burundi,2017,Not applicable,Not applicable,Percent,26.81717
Burundi,2016,Not applicable,Not applicable,Percent,24.21594
Burundi,2015,Not applicable,Not applicable,Percent,27.35601
Burundi,2014,Not applicable,Not applicable,Percent,27.91719
Burundi,2013,Not applicable,Not applicable,Percent,24.89275
Burundi,2012,Not applicable,Not applicable,Percent,24.36195
Burundi,2009,Not applicable,Not applicable,Percent,33.10972
Burundi,2008,Not applicable,Not applicable,Percent,29.45294
Burundi,2006,Not applicable,Not applicable,Percent,31.97977
Burundi,2005,Not applicable,Not applicable,Percent,31.90806
Burundi,2004,Not applicable,Not applicable,Percent,35.03723
Burundi,2003,Not applicable,Not applicable,Percent,37.99769
Cambodia,2017,Not applicable,Not applicable,Percent,41.5395
Cambodia,2016,Not applicable,Not applicable,Percent,44.08978
Cambodia,2014,Not applicable,Not applicable,Percent,17.57834
Cambodia,2005,Not applicable,Not applicable,Percent,11.24273
Cambodia,2002,Not applicable,Not applicable,Percent,23.16909
Cameroon,2016,Not applicable,Not applicable,Percent,52.55314
Cameroon,2015,Not applicable,Not applicable,Percent,48.86979
Cameroon,2014,Not applicable,Not applicable,Percent,52.73901
Cameroon,2013,Not applicable,Not applicable,Percent,53.89216
Cameroon,2012,Not applicable,Not applicable,Percent,54.08651
Cameroon,2011,Not applicable,Not applicable,Percent,52.3957
Cameroon,2010,Not applicable,Not applicable,Percent,50.85584
Cameroon,2009,Not applicable,Not applicable,Percent,51.9921
Canada,2015,Not applicable,Not applicable,Percent,26.40425
Cape Verde,2017,Not applicable,Not applicable,Percent,40.28066
Cape Verde,2015,Not applicable,Not applicable,Percent,37.1747
Cape Verde,2013,Not applicable,Not applicable,Percent,32.9578
Cape Verde,2012,Not applicable,Not applicable,Percent,36.5733
Cape Verde,2011,Not applicable,Not applicable,Percent,38.9938
Cape Verde,2010,Not applicable,Not applicable,Percent,38.62659
Cape Verde,2006,Not applicable,Not applicable,Percent,29.84491
Cayman Islands,2010,Not applicable,Not applicable,Percent,54.02635
Cayman Islands,2009,Not applicable,Not applicable,Percent,49.52965
Central African Republic,2014,Not applicable,Not applicable,Percent,23.99504
Central African Republic,2013,Not applicable,Not applicable,Percent,26.45229
Central African Republic,2012,Not applicable,Not applicable,Percent,25.91333
Central African Republic,2011,Not applicable,Not applicable,Percent,29.05007
Central African Republic,2010,Not applicable,Not applicable,Percent,23.71611
Chad,2017,Not applicable,Not applicable,Percent,24.71241
Chad,2015,Not applicable,Not applicable,Percent,34.94893
Chad,2014,Not applicable,Not applicable,Percent,27.4058
Chad,2013,Not applicable,Not applicable,Percent,28.33404
Chad,2009,Not applicable,Not applicable,Percent,35.48479
Chad,2008,Not applicable,Not applicable,Percent,36.8557
Chad,2002,Not applicable,Not applicable,Percent,25.91816
Chile,2017,Not applicable,Not applicable,Percent,29.65169
Chile,2016,Not applicable,Not applicable,Percent,32.78841
Chile,2015,Not applicable,Not applicable,Percent,32.46946
Chile,2014,Not applicable,Not applicable,Percent,32.53252
Chile,2013,Not applicable,Not applicable,Percent,35.23236
Chile,2012,Not applicable,Not applicable,Percent,37.86879
Chile,2011,Not applicable,Not applicable,Percent,38.36206
Chile,2010,Not applicable,Not applicable,Percent,38.60399
Chile,2009,Not applicable,Not applicable,Percent,38.99647
Chile,2008,Not applicable,Not applicable,Percent,38.00873
Chile,2007,Not applicable,Not applicable,Percent,38.38326
Chile,2006,Not applicable,Not applicable,Percent,35.30187
Chile,2004,Not applicable,Not applicable,Percent,34.26986
Chile,2002,Not applicable,Not applicable,Percent,33.2911
China,2003,Not applicable,Not applicable,Percent,37.41242
China,2002,Not applicable,Not applicable,Percent,32.23013
Colombia,2018,Not applicable,Not applicable,Percent,37.49596
Colombia,2017,Not applicable,Not applicable,Percent,35.11481
Colombia,2016,Not applicable,Not applicable,Percent,35.70239
Colombia,2015,Not applicable,Not applicable,Percent,36.25839
Colombia,2014,Not applicable,Not applicable,Percent,34.82016
Colombia,2013,Not applicable,Not applicable,Percent,35.01429
Colombia,2012,Not applicable,Not applicable,Percent,40.22582
Colombia,2011,Not applicable,Not applicable,Percent,25.95244
Colombia,2010,Not applicable,Not applicable,Percent,29.10247
Colombia,2009,Not applicable,Not applicable,Percent,36.12769
Colombia,2008,Not applicable,Not applicable,Percent,35.69687
Colombia,2006,Not applicable,Not applicable,Percent,29.36544
Colombia,2005,Not applicable,Not applicable,Percent,33.02764
Colombia,2004,Not applicable,Not applicable,Percent,33.0706
Colombia,2003,Not applicable,Not applicable,Percent,33.26021
Colombia,2002,Not applicable,Not applicable,Percent,32.98939
Comoros,2016,Not applicable,Not applicable,Percent,27.83102
Comoros,2015,Not applicable,Not applicable,Percent,27.5983
Comoros,2012,Not applicable,Not applicable,Percent,23.66377
Comoros,2006,Not applicable,Not applicable,Percent,40.1204
Comoros,2002,Not applicable,Not applicable,Percent,41.21316
Congo,2014,Not applicable,Not applicable,Percent,53.33168
Congo,2009,Not applicable,Not applicable,Percent,41.19034
Congo,2006,Not applicable,Not applicable,Percent,30.16886
Cook Islands,2017,Not applicable,Not applicable,Percent,40.60867
Cook Islands,2016,Not applicable,Not applicable,Percent,45.47729
Cook Islands,2004,Not applicable,Not applicable,Percent,36.47754
Cook Islands,2003,Not applicable,Not applicable,Percent,40
Costa Rica,2018,Not applicable,Not applicable,Percent,33.44405
Costa Rica,2017,Not applicable,Not applicable,Percent,33.7004
Costa Rica,2016,Not applicable,Not applicable,Percent,33.12304
Costa Rica,2015,Not applicable,Not applicable,Percent,32.56519
Costa Rica,2014,Not applicable,Not applicable,Percent,31.51123
Costa Rica,2013,Not applicable,Not applicable,Percent,31.28655
Costa Rica,2012,Not applicable,Not applicable,Percent,30.99024
Costa Rica,2011,Not applicable,Not applicable,Percent,31.38094
Costa Rica,2010,Not applicable,Not applicable,Percent,30.08791
Costa Rica,2008,Not applicable,Not applicable,Percent,27.82713
Costa Rica,2006,Not applicable,Not applicable,Percent,31.88769
Costa Rica,2005,Not applicable,Not applicable,Percent,30.68942
Costa Rica,2004,Not applicable,Not applicable,Percent,28.00545
Costa Rica,2003,Not applicable,Not applicable,Percent,29.17743
C么te d'Ivoire,2018,Not applicable,Not applicable,Percent,37.18136
C么te d'Ivoire,2004,Not applicable,Not applicable,Percent,32.66512
C么te d'Ivoire,2003,Not applicable,Not applicable,Percent,37.2643
C么te d'Ivoire,2002,Not applicable,Not applicable,Percent,33.25254
Cuba,2014,Not applicable,Not applicable,Percent,29.10781
Cuba,2013,Not applicable,Not applicable,Percent,28.44434
Cuba,2012,Not applicable,Not applicable,Percent,29.38358
Cuba,2011,Not applicable,Not applicable,Percent,36.01888
Cuba,2010,Not applicable,Not applicable,Percent,38.86855
Cuba,2009,Not applicable,Not applicable,Percent,37.66851
Cuba,2008,Not applicable,Not applicable,Percent,35.70101
Cuba,2006,Not applicable,Not applicable,Percent,36.82229
Cuba,2005,Not applicable,Not applicable,Percent,36.39067
Cuba,2004,Not applicable,Not applicable,Percent,37.96225
Cuba,2003,Not applicable,Not applicable,Percent,36.69577
Cuba,2002,Not applicable,Not applicable,Percent,36.53172
Cyprus,2015,Not applicable,Not applicable,Percent,42.60223
Cyprus,2014,Not applicable,Not applicable,Percent,43.01157
Cyprus,2013,Not applicable,Not applicable,Percent,41.38947
Cyprus,2012,Not applicable,Not applicable,Percent,42.47892
Cyprus,2011,Not applicable,Not applicable,Percent,43.78996
Cyprus,2010,Not applicable,Not applicable,Percent,43.84017
Cyprus,2009,Not applicable,Not applicable,Percent,44.88518
Cyprus,2008,Not applicable,Not applicable,Percent,45.49982
Cyprus,2007,Not applicable,Not applicable,Percent,45.86545
Cyprus,2006,Not applicable,Not applicable,Percent,50
Cyprus,2005,Not applicable,Not applicable,Percent,50.25452
Cyprus,2004,Not applicable,Not applicable,Percent,50.29089
Cyprus,2003,Not applicable,Not applicable,Percent,50.55188
Czech Republic,2016,Not applicable,Not applicable,Percent,43.97237
Czech Republic,2015,Not applicable,Not applicable,Percent,42.81354
Czech Republic,2014,Not applicable,Not applicable,Percent,45.7332
Czech Republic,2013,Not applicable,Not applicable,Percent,46.38527
Czech Republic,2012,Not applicable,Not applicable,Percent,48.32721
Czech Republic,2011,Not applicable,Not applicable,Percent,47.52436
Czech Republic,2010,Not applicable,Not applicable,Percent,47.20899
Czech Republic,2009,Not applicable,Not applicable,Percent,51.31213
Czech Republic,2008,Not applicable,Not applicable,Percent,50.69981
Czech Republic,2007,Not applicable,Not applicable,Percent,50.5437
Czech Republic,2006,Not applicable,Not applicable,Percent,50.77631
Czech Republic,2005,Not applicable,Not applicable,Percent,50.4644
Czech Republic,2004,Not applicable,Not applicable,Percent,49.74882
Czech Republic,2003,Not applicable,Not applicable,Percent,49.24796
Czech Republic,2002,Not applicable,Not applicable,Percent,48.73539
Democratic Republic of the Congo,2017,Not applicable,Not applicable,Percent,14.36003
Democratic Republic of the Congo,2014,Not applicable,Not applicable,Percent,33.73443
Denmark,2015,Not applicable,Not applicable,Percent,32.10228
Denmark,2014,Not applicable,Not applicable,Percent,34.51898
Denmark,2013,Not applicable,Not applicable,Percent,33.69007
Denmark,2012,Not applicable,Not applicable,Percent,35.89463
Denmark,2011,Not applicable,Not applicable,Percent,35.8084
Denmark,2010,Not applicable,Not applicable,Percent,36.98592
Denmark,2009,Not applicable,Not applicable,Percent,36.3479
Denmark,2008,Not applicable,Not applicable,Percent,34.92197
Denmark,2007,Not applicable,Not applicable,Percent,34.6082
Denmark,2006,Not applicable,Not applicable,Percent,34.29368
Denmark,2005,Not applicable,Not applicable,Percent,33.98209
Denmark,2004,Not applicable,Not applicable,Percent,36.74025
Denmark,2003,Not applicable,Not applicable,Percent,37.2927
Denmark,2002,Not applicable,Not applicable,Percent,36.64673
Djibouti,2014,Not applicable,Not applicable,Percent,37.2825
Dominica,2002,Not applicable,Not applicable,Percent,44.90639
Dominican Republic,2011,Not applicable,Not applicable,Percent,17.95368
Ecuador,2016,Not applicable,Not applicable,Percent,41.23845
Ecuador,2015,Not applicable,Not applicable,Percent,39.76053
Ecuador,2014,Not applicable,Not applicable,Percent,35.01366
Ecuador,2004,Not applicable,Not applicable,Percent,34.556
Ecuador,2003,Not applicable,Not applicable,Percent,39.64045
El Salvador,2014,Not applicable,Not applicable,Percent,30.09465
El Salvador,2013,Not applicable,Not applicable,Percent,28.74746
El Salvador,2012,Not applicable,Not applicable,Percent,22.04623
El Salvador,2011,Not applicable,Not applicable,Percent,26.96924
El Salvador,2010,Not applicable,Not applicable,Percent,23.03018
El Salvador,2009,Not applicable,Not applicable,Percent,29.08813
El Salvador,2007,Not applicable,Not applicable,Percent,26.27874
El Salvador,2006,Not applicable,Not applicable,Percent,25.79439
El Salvador,2004,Not applicable,Not applicable,Percent,20.76394
El Salvador,2002,Not applicable,Not applicable,Percent,23.49308
Equatorial Guinea,2002,Not applicable,Not applicable,Percent,30.72538
Eritrea,2008,Not applicable,Not applicable,Percent,21.09421
Eritrea,2006,Not applicable,Not applicable,Percent,35.4122
Eritrea,2005,Not applicable,Not applicable,Percent,31.47219
Estonia,2016,Not applicable,Not applicable,Percent,36.40213
Estonia,2015,Not applicable,Not applicable,Percent,36.43034
Estonia,2014,Not applicable,Not applicable,Percent,40.12884
Estonia,2013,Not applicable,Not applicable,Percent,40.25491
Estonia,2012,Not applicable,Not applicable,Percent,41.36166
Estonia,2011,Not applicable,Not applicable,Percent,41.86203
Estonia,2009,Not applicable,Not applicable,Percent,43.71706
Estonia,2008,Not applicable,Not applicable,Percent,46.26106
Estonia,2007,Not applicable,Not applicable,Percent,44.37361
Estonia,2006,Not applicable,Not applicable,Percent,40.94394
Estonia,2005,Not applicable,Not applicable,Percent,41.17544
Estonia,2003,Not applicable,Not applicable,Percent,34.09131
Estonia,2002,Not applicable,Not applicable,Percent,29.49568
Ethiopia,2017,Not applicable,Not applicable,Percent,29.30751
Ethiopia,2016,Not applicable,Not applicable,Percent,25.30281
Ethiopia,2015,Not applicable,Not applicable,Percent,25.59501
Ethiopia,2014,Not applicable,Not applicable,Percent,25.01587
Ethiopia,2013,Not applicable,Not applicable,Percent,24.32833
Fiji,2015,Not applicable,Not applicable,Percent,15.94479
Fiji,2008,Not applicable,Not applicable,Percent,32.59857
Finland,2017,Not applicable,Not applicable,Percent,15.01453
Finland,2015,Not applicable,Not applicable,Percent,42.01525
Finland,2014,Not applicable,Not applicable,Percent,42.44763
Finland,2013,Not applicable,Not applicable,Percent,42.51843
Finland,2012,Not applicable,Not applicable,Percent,42.79625
Finland,2011,Not applicable,Not applicable,Percent,42.56925
Finland,2010,Not applicable,Not applicable,Percent,42.19388
Finland,2009,Not applicable,Not applicable,Percent,41.93437
Finland,2008,Not applicable,Not applicable,Percent,41.03367
Finland,2007,Not applicable,Not applicable,Percent,41.03578
Finland,2006,Not applicable,Not applicable,Percent,40.55495
Finland,2005,Not applicable,Not applicable,Percent,40.05171
Finland,2004,Not applicable,Not applicable,Percent,38.78229
Finland,2003,Not applicable,Not applicable,Percent,39.46767
France,2016,Not applicable,Not applicable,Percent,43.819
France,2015,Not applicable,Not applicable,Percent,44.38302
France,2014,Not applicable,Not applicable,Percent,45.03266
France,2013,Not applicable,Not applicable,Percent,45.25403
France,2012,Not applicable,Not applicable,Percent,45.44902
France,2011,Not applicable,Not applicable,Percent,45.25661
France,2010,Not applicable,Not applicable,Percent,46.95425
France,2009,Not applicable,Not applicable,Percent,47.12407
France,2008,Not applicable,Not applicable,Percent,48.10615
France,2007,Not applicable,Not applicable,Percent,48.94637
France,2006,Not applicable,Not applicable,Percent,49.69788
France,2005,Not applicable,Not applicable,Percent,49.84003
France,2004,Not applicable,Not applicable,Percent,49.89628
France,2003,Not applicable,Not applicable,Percent,50.01697
Gabon,2002,Not applicable,Not applicable,Percent,30.12714
Gambia,2017,Not applicable,Not applicable,Percent,35.49641
Gambia,2016,Not applicable,Not applicable,Percent,31.35873
Gambia,2015,Not applicable,Not applicable,Percent,27.15645
Gambia,2014,Not applicable,Not applicable,Percent,23.40106
Gambia,2013,Not applicable,Not applicable,Percent,30.05591
Gambia,2012,Not applicable,Not applicable,Percent,29.03064
Gambia,2011,Not applicable,Not applicable,Percent,21.30589
Gambia,2010,Not applicable,Not applicable,Percent,21.87362
Gambia,2009,Not applicable,Not applicable,Percent,23.09543
Gambia,2008,Not applicable,Not applicable,Percent,22.2919
Gambia,2007,Not applicable,Not applicable,Percent,19.03727
Gambia,2006,Not applicable,Not applicable,Percent,15.29197
Gambia,2005,Not applicable,Not applicable,Percent,14.81077
Georgia,2016,Not applicable,Not applicable,Percent,32.12883
Georgia,2015,Not applicable,Not applicable,Percent,29.04419
Georgia,2012,Not applicable,Not applicable,Percent,36.96946
Germany,2016,Not applicable,Not applicable,Percent,43.15876
Germany,2015,Not applicable,Not applicable,Percent,44.55401
Germany,2014,Not applicable,Not applicable,Percent,45.54756
Germany,2013,Not applicable,Not applicable,Percent,46.2026
Germany,2012,Not applicable,Not applicable,Percent,46.03146
Germany,2011,Not applicable,Not applicable,Percent,47.1186
Germany,2010,Not applicable,Not applicable,Percent,47.11501
Germany,2002,Not applicable,Not applicable,Percent,44.4591
Ghana,2017,Not applicable,Not applicable,Percent,48.48009
Ghana,2016,Not applicable,Not applicable,Percent,40.78263
Ghana,2015,Not applicable,Not applicable,Percent,27.35526
Ghana,2014,Not applicable,Not applicable,Percent,37.11727
Ghana,2013,Not applicable,Not applicable,Percent,38.01716
Ghana,2012,Not applicable,Not applicable,Percent,33.96207
Ghana,2011,Not applicable,Not applicable,Percent,34.82364
Ghana,2010,Not applicable,Not applicable,Percent,37.25413
Ghana,2009,Not applicable,Not applicable,Percent,32.51611
Ghana,2008,Not applicable,Not applicable,Percent,34.13232
Ghana,2005,Not applicable,Not applicable,Percent,39.57534
Greece,2009,Not applicable,Not applicable,Percent,33.94361
Greece,2008,Not applicable,Not applicable,Percent,33.64334
Greece,2007,Not applicable,Not applicable,Percent,36.45316
Greece,2006,Not applicable,Not applicable,Percent,34.13826
Greece,2005,Not applicable,Not applicable,Percent,35.37471
Greece,2004,Not applicable,Not applicable,Percent,40.67016
Greece,2003,Not applicable,Not applicable,Percent,34.16226
Greece,2002,Not applicable,Not applicable,Percent,33.36246
Grenada,2007,Not applicable,Not applicable,Percent,35.77571
Guatemala,2017,Not applicable,Not applicable,Percent,14.30738
Guatemala,2016,Not applicable,Not applicable,Percent,13.06595
Guatemala,2015,Not applicable,Not applicable,Percent,12.54178
Guatemala,2014,Not applicable,Not applicable,Percent,14.81553
Guatemala,2012,Not applicable,Not applicable,Percent,12.81905
Guatemala,2011,Not applicable,Not applicable,Percent,12.60466
Guatemala,2010,Not applicable,Not applicable,Percent,10.10508
Guinea,2017,Not applicable,Not applicable,Percent,25.15072
Guinea,2016,Not applicable,Not applicable,Percent,22.97748
Guinea,2015,Not applicable,Not applicable,Percent,21.52368
Guinea,2014,Not applicable,Not applicable,Percent,24.85822
Guinea,2013,Not applicable,Not applicable,Percent,24.09425
Guinea,2012,Not applicable,Not applicable,Percent,13.99005
Guinea-Bissau,2017,Not applicable,Not applicable,Percent,30.44408
Guinea-Bissau,2016,Not applicable,Not applicable,Percent,36.40839
Guinea-Bissau,2015,Not applicable,Not applicable,Percent,41.43568
Guinea-Bissau,2014,Not applicable,Not applicable,Percent,46.66631
Guyana,2016,Not applicable,Not applicable,Percent,33.25069
Guyana,2015,Not applicable,Not applicable,Percent,33.37715
Guyana,2014,Not applicable,Not applicable,Percent,33.43877
Guyana,2013,Not applicable,Not applicable,Percent,30.43072
Guyana,2011,Not applicable,Not applicable,Percent,26.83019
Guyana,2010,Not applicable,Not applicable,Percent,32.3522
Guyana,2008,Not applicable,Not applicable,Percent,26.48021
Guyana,2006,Not applicable,Not applicable,Percent,23.51449
Holy See,2019,Not applicable,Not applicable,Percent,0
Holy See,2018,Not applicable,Not applicable,Percent,0
Holy See,2017,Not applicable,Not applicable,Percent,0
Holy See,2016,Not applicable,Not applicable,Percent,0
Holy See,2015,Not applicable,Not applicable,Percent,0
Holy See,2014,Not applicable,Not applicable,Percent,0
Holy See,2013,Not applicable,Not applicable,Percent,0
Holy See,2012,Not applicable,Not applicable,Percent,0
Holy See,2011,Not applicable,Not applicable,Percent,0
Holy See,2010,Not applicable,Not applicable,Percent,0
Holy See,2009,Not applicable,Not applicable,Percent,0
Holy See,2008,Not applicable,Not applicable,Percent,0
Holy See,2007,Not applicable,Not applicable,Percent,0
Holy See,2006,Not applicable,Not applicable,Percent,0
Holy See,2005,Not applicable,Not applicable,Percent,0
Holy See,2004,Not applicable,Not applicable,Percent,0
Holy See,2003,Not applicable,Not applicable,Percent,0
Holy See,2002,Not applicable,Not applicable,Percent,0
Holy See,2001,Not applicable,Not applicable,Percent,0
Holy See,2000,Not applicable,Not applicable,Percent,0
Holy See,1999,Not applicable,Not applicable,Percent,0
Holy See,1998,Not applicable,Not applicable,Percent,0
Holy See,1997,Not applicable,Not applicable,Percent,0
Holy See,1996,Not applicable,Not applicable,Percent,0
Holy See,1995,Not applicable,Not applicable,Percent,0
Holy See,1994,Not applicable,Not applicable,Percent,0
Holy See,1993,Not applicable,Not applicable,Percent,0
Holy See,1992,Not applicable,Not applicable,Percent,0
Holy See,1991,Not applicable,Not applicable,Percent,0
Holy See,1990,Not applicable,Not applicable,Percent,0
Holy See,1989,Not applicable,Not applicable,Percent,0
Holy See,1988,Not applicable,Not applicable,Percent,0
Holy See,1987,Not applicable,Not applicable,Percent,0
Holy See,1986,Not applicable,Not applicable,Percent,0
Holy See,1985,Not applicable,Not applicable,Percent,0
Holy See,1984,Not applicable,Not applicable,Percent,0
Holy See,1983,Not applicable,Not applicable,Percent,0
Holy See,1982,Not applicable,Not applicable,Percent,0
Holy See,1981,Not applicable,Not applicable,Percent,0
Holy See,1980,Not applicable,Not applicable,Percent,0
Holy See,1979,Not applicable,Not applicable,Percent,0
Honduras,2017,Not applicable,Not applicable,Percent,25.29041
Hong Kong Special Administrative Region of China,2018,Not applicable,Not applicable,Percent,31.31349
Hong Kong Special Administrative Region of China,2017,Not applicable,Not applicable,Percent,30.48825
Hong Kong Special Administrative Region of China,2016,Not applicable,Not applicable,Percent,33.57882
Hong Kong Special Administrative Region of China,2015,Not applicable,Not applicable,Percent,35.14551
Hong Kong Special Administrative Region of China,2014,Not applicable,Not applicable,Percent,35.53743
Hong Kong Special Administrative Region of China,2013,Not applicable,Not applicable,Percent,26.87913
Hong Kong Special Administrative Region of China,2012,Not applicable,Not applicable,Percent,34.05481
Hong Kong Special Administrative Region of China,2011,Not applicable,Not applicable,Percent,34.0201
Hong Kong Special Administrative Region of China,2010,Not applicable,Not applicable,Percent,33.14844
Hong Kong Special Administrative Region of China,2009,Not applicable,Not applicable,Percent,33.81572
Hong Kong Special Administrative Region of China,2008,Not applicable,Not applicable,Percent,32.49201
Hong Kong Special Administrative Region of China,2007,Not applicable,Not applicable,Percent,32.14857
Hong Kong Special Administrative Region of China,2006,Not applicable,Not applicable,Percent,31.8486
Hungary,2015,Not applicable,Not applicable,Percent,39.34758
Hungary,2014,Not applicable,Not applicable,Percent,40.30032
Hungary,2013,Not applicable,Not applicable,Percent,40.63982
Hungary,2012,Not applicable,Not applicable,Percent,41.45747
Hungary,2011,Not applicable,Not applicable,Percent,41.41519
Hungary,2010,Not applicable,Not applicable,Percent,40.37265
Hungary,2009,Not applicable,Not applicable,Percent,40.38563
Hungary,2008,Not applicable,Not applicable,Percent,41.22265
Hungary,2007,Not applicable,Not applicable,Percent,45.80851
Hungary,2006,Not applicable,Not applicable,Percent,39.46014
Hungary,2005,Not applicable,Not applicable,Percent,39.09789
Hungary,2004,Not applicable,Not applicable,Percent,40.47556
Hungary,2003,Not applicable,Not applicable,Percent,40.16027
Hungary,2002,Not applicable,Not applicable,Percent,40.44554
Iceland,2015,Not applicable,Not applicable,Percent,31.74802
Iceland,2014,Not applicable,Not applicable,Percent,31.15039
Iceland,2013,Not applicable,Not applicable,Percent,31.9646
Iceland,2012,Not applicable,Not applicable,Percent,31.9235
Iceland,2011,Not applicable,Not applicable,Percent,32.57589
Iceland,2010,Not applicable,Not applicable,Percent,33.6148
Iceland,2009,Not applicable,Not applicable,Percent,33.64924
Iceland,2008,Not applicable,Not applicable,Percent,34.58216
Iceland,2007,Not applicable,Not applicable,Percent,34.5466
Iceland,2006,Not applicable,Not applicable,Percent,34.21395
Iceland,2005,Not applicable,Not applicable,Percent,34.77509
Iceland,2004,Not applicable,Not applicable,Percent,32.46631
Iceland,2003,Not applicable,Not applicable,Percent,33.85642
India,2016,Not applicable,Not applicable,Percent,38.7325
India,2015,Not applicable,Not applicable,Percent,36.96254
India,2014,Not applicable,Not applicable,Percent,36.9852
India,2013,Not applicable,Not applicable,Percent,34.91827
India,2010,Not applicable,Not applicable,Percent,42.50008
India,2009,Not applicable,Not applicable,Percent,42.88835
India,2008,Not applicable,Not applicable,Percent,41.61946
India,2007,Not applicable,Not applicable,Percent,41.66589
India,2004,Not applicable,Not applicable,Percent,40.09062
India,2003,Not applicable,Not applicable,Percent,37.80222
Indonesia,2018,Not applicable,Not applicable,Percent,26.79933
Indonesia,2017,Not applicable,Not applicable,Percent,26.03539
Indonesia,2016,Not applicable,Not applicable,Percent,26.03779
Indonesia,2015,Not applicable,Not applicable,Percent,24.10754
Indonesia,2014,Not applicable,Not applicable,Percent,24.32053
Indonesia,2013,Not applicable,Not applicable,Percent,25.49625
Indonesia,2012,Not applicable,Not applicable,Percent,25.25953
Indonesia,2011,Not applicable,Not applicable,Percent,25.10708
"Iran, Islamic Republic of",2018,Not applicable,Not applicable,Percent,39.48081
"Iran, Islamic Republic of",2017,Not applicable,Not applicable,Percent,45.30434
"Iran, Islamic Republic of",2016,Not applicable,Not applicable,Percent,41.42852
"Iran, Islamic Republic of",2015,Not applicable,Not applicable,Percent,39.27918
"Iran, Islamic Republic of",2014,Not applicable,Not applicable,Percent,49.18235
"Iran, Islamic Republic of",2013,Not applicable,Not applicable,Percent,49.40769
"Iran, Islamic Republic of",2012,Not applicable,Not applicable,Percent,48.88658
"Iran, Islamic Republic of",2011,Not applicable,Not applicable,Percent,48.16099
"Iran, Islamic Republic of",2010,Not applicable,Not applicable,Percent,46.84861
"Iran, Islamic Republic of",2009,Not applicable,Not applicable,Percent,34.6242
"Iran, Islamic Republic of",2008,Not applicable,Not applicable,Percent,35.88158
"Iran, Islamic Republic of",2007,Not applicable,Not applicable,Percent,36.00739
"Iran, Islamic Republic of",2006,Not applicable,Not applicable,Percent,36.3293
"Iran, Islamic Republic of",2005,Not applicable,Not applicable,Percent,34.82069
Ireland,2016,Not applicable,Not applicable,Percent,33.42676
Ireland,2015,Not applicable,Not applicable,Percent,34.01528
Ireland,2014,Not applicable,Not applicable,Percent,33.81313
Ireland,2013,Not applicable,Not applicable,Percent,33.64717
Ireland,2012,Not applicable,Not applicable,Percent,34.85668
Ireland,2011,Not applicable,Not applicable,Percent,34.34091
Ireland,2010,Not applicable,Not applicable,Percent,34.78984
Ireland,2009,Not applicable,Not applicable,Percent,34.83331
Ireland,2008,Not applicable,Not applicable,Percent,35.3211
Ireland,2007,Not applicable,Not applicable,Percent,35.31279
Ireland,2006,Not applicable,Not applicable,Percent,34.39712
Ireland,2005,Not applicable,Not applicable,Percent,34.41245
Ireland,2004,Not applicable,Not applicable,Percent,34.12631
Ireland,2003,Not applicable,Not applicable,Percent,36.54419
Ireland,2002,Not applicable,Not applicable,Percent,37.55523
Israel,2017,Not applicable,Not applicable,Percent,25.71803
Israel,2015,Not applicable,Not applicable,Percent,25.45025
Israel,2014,Not applicable,Not applicable,Percent,25.65405
Israel,2013,Not applicable,Not applicable,Percent,26.84603
Israel,2012,Not applicable,Not applicable,Percent,28.98581
Israel,2011,Not applicable,Not applicable,Percent,27.60624
Israel,2010,Not applicable,Not applicable,Percent,28.85398
Israel,2009,Not applicable,Not applicable,Percent,28.91072
Israel,2008,Not applicable,Not applicable,Percent,29.44452
Israel,2007,Not applicable,Not applicable,Percent,28.91268
Israel,2006,Not applicable,Not applicable,Percent,29.81837
Israel,2005,Not applicable,Not applicable,Percent,29.73651
Israel,2004,Not applicable,Not applicable,Percent,30.03362
Israel,2003,Not applicable,Not applicable,Percent,29.9605
Israel,2002,Not applicable,Not applicable,Percent,29.34957
Italy,2015,Not applicable,Not applicable,Percent,42.47051
Italy,2014,Not applicable,Not applicable,Percent,42.93539
Italy,2013,Not applicable,Not applicable,Percent,43.11217
Italy,2012,Not applicable,Not applicable,Percent,44.59292
Italy,2011,Not applicable,Not applicable,Percent,45.0748
Italy,2010,Not applicable,Not applicable,Percent,46.23502
Italy,2009,Not applicable,Not applicable,Percent,46.50051
Italy,2008,Not applicable,Not applicable,Percent,46.0109
Italy,2007,Not applicable,Not applicable,Percent,47.0519
Italy,2006,Not applicable,Not applicable,Percent,46.091
Italy,2005,Not applicable,Not applicable,Percent,48.70972
Italy,2004,Not applicable,Not applicable,Percent,46.091
Italy,2003,Not applicable,Not applicable,Percent,46.091
Italy,2002,Not applicable,Not applicable,Percent,46.77796
Jamaica,2018,Not applicable,Not applicable,Percent,31.44936
Jamaica,2017,Not applicable,Not applicable,Percent,39.74381
Jamaica,2016,Not applicable,Not applicable,Percent,39.16002
Jamaica,2015,Not applicable,Not applicable,Percent,39.78518
Jamaica,2014,Not applicable,Not applicable,Percent,36.56752
Jamaica,2013,Not applicable,Not applicable,Percent,37.05219
Jamaica,2012,Not applicable,Not applicable,Percent,42.63241
Jamaica,2011,Not applicable,Not applicable,Percent,35.16639
Jamaica,2009,Not applicable,Not applicable,Percent,37.9723
Jamaica,2008,Not applicable,Not applicable,Percent,41.91877
Jamaica,2007,Not applicable,Not applicable,Percent,41.27429
Japan,2018,Not applicable,Not applicable,Percent,37.80486
Japan,2017,Not applicable,Not applicable,Percent,38.36741
Japan,2016,Not applicable,Not applicable,Percent,38.14654
Japan,2015,Not applicable,Not applicable,Percent,38.24337
Japan,2014,Not applicable,Not applicable,Percent,36.78937
Japan,2012,Not applicable,Not applicable,Percent,37.46698
Japan,2011,Not applicable,Not applicable,Percent,37.61977
Japan,2010,Not applicable,Not applicable,Percent,38.07
Japan,2009,Not applicable,Not applicable,Percent,38.3723
Japan,2008,Not applicable,Not applicable,Percent,38.26226
Japan,2007,Not applicable,Not applicable,Percent,38.95178
Japan,2006,Not applicable,Not applicable,Percent,39.82014
Japan,2005,Not applicable,Not applicable,Percent,39.78365
Japan,2004,Not applicable,Not applicable,Percent,39.95875
Japan,2003,Not applicable,Not applicable,Percent,41.22662
Japan,2002,Not applicable,Not applicable,Percent,42.14571
Jordan,2003,Not applicable,Not applicable,Percent,39.59387
Kenya,2010,Not applicable,Not applicable,Percent,21.67777
Kenya,2008,Not applicable,Not applicable,Percent,23.40954
Kenya,2007,Not applicable,Not applicable,Percent,20.85074
Kenya,2005,Not applicable,Not applicable,Percent,19.4018
Kenya,2004,Not applicable,Not applicable,Percent,17.36166
Kuwait,2010,Not applicable,Not applicable,Percent,36.21136
Kuwait,2009,Not applicable,Not applicable,Percent,36.22892
Kuwait,2008,Not applicable,Not applicable,Percent,35.83639
Kuwait,2006,Not applicable,Not applicable,Percent,36.72516
Kyrgyzstan,2017,Not applicable,Not applicable,Percent,54.37096
Lao People's Democratic Republic,2006,Not applicable,Not applicable,Percent,18.99663
Latvia,2017,Not applicable,Not applicable,Percent,32.73397
Latvia,2016,Not applicable,Not applicable,Percent,33.00463
Latvia,2015,Not applicable,Not applicable,Percent,34.6651
Latvia,2014,Not applicable,Not applicable,Percent,38.39372
Latvia,2013,Not applicable,Not applicable,Percent,40.23726
Latvia,2012,Not applicable,Not applicable,Percent,40.63561
Latvia,2011,Not applicable,Not applicable,Percent,41.51733
Latvia,2010,Not applicable,Not applicable,Percent,43.02174
Latvia,2008,Not applicable,Not applicable,Percent,56.44562
Latvia,2007,Not applicable,Not applicable,Percent,54.61493
Latvia,2006,Not applicable,Not applicable,Percent,52.87009
Latvia,2005,Not applicable,Not applicable,Percent,51.64336
Latvia,2004,Not applicable,Not applicable,Percent,48.66457
Latvia,2003,Not applicable,Not applicable,Percent,44.30794
Latvia,2002,Not applicable,Not applicable,Percent,40.89613
Lebanon,2017,Not applicable,Not applicable,Percent,17.09177
Lebanon,2016,Not applicable,Not applicable,Percent,14.7286
Lesotho,2012,Not applicable,Not applicable,Percent,20.52004
Lesotho,2010,Not applicable,Not applicable,Percent,17.85661
Lesotho,2009,Not applicable,Not applicable,Percent,18.27199
Lesotho,2005,Not applicable,Not applicable,Percent,23.79172
Lesotho,2004,Not applicable,Not applicable,Percent,27.67399
Lesotho,2003,Not applicable,Not applicable,Percent,21.59248
Liberia,2016,Not applicable,Not applicable,Percent,34.48811
Liechtenstein,2015,Not applicable,Not applicable,Percent,47.42838
Liechtenstein,2012,Not applicable,Not applicable,Percent,52.38612
Liechtenstein,2011,Not applicable,Not applicable,Percent,47.24865
Liechtenstein,2010,Not applicable,Not applicable,Percent,47.25832
Liechtenstein,2008,Not applicable,Not applicable,Percent,42.55404
Liechtenstein,2007,Not applicable,Not applicable,Percent,42.58055
Lithuania,2016,Not applicable,Not applicable,Percent,39.66126
Lithuania,2015,Not applicable,Not applicable,Percent,40.41605
Lithuania,2014,Not applicable,Not applicable,Percent,44.85941
Lithuania,2013,Not applicable,Not applicable,Percent,52.30454
Lithuania,2012,Not applicable,Not applicable,Percent,51.86274
Lithuania,2011,Not applicable,Not applicable,Percent,50.38681
Lithuania,2010,Not applicable,Not applicable,Percent,50.7728
Lithuania,2009,Not applicable,Not applicable,Percent,50.5607
Lithuania,2008,Not applicable,Not applicable,Percent,51.07145
Lithuania,2007,Not applicable,Not applicable,Percent,50.43344
Macao Special Administrative Region of China,2017,Not applicable,Not applicable,Percent,55.06231
Macao Special Administrative Region of China,2016,Not applicable,Not applicable,Percent,31.86494
Macao Special Administrative Region of China,2004,Not applicable,Not applicable,Percent,24.97225
Macao Special Administrative Region of China,2002,Not applicable,Not applicable,Percent,29.11392
Madagascar,2016,Not applicable,Not applicable,Percent,19.34486
Madagascar,2015,Not applicable,Not applicable,Percent,22.31238
Madagascar,2013,Not applicable,Not applicable,Percent,18.20152
Madagascar,2012,Not applicable,Not applicable,Percent,22.07921
Madagascar,2011,Not applicable,Not applicable,Percent,15.93341
Madagascar,2010,Not applicable,Not applicable,Percent,18.06897
Madagascar,2009,Not applicable,Not applicable,Percent,18.9232
Madagascar,2002,Not applicable,Not applicable,Percent,32.01082
Malawi,2018,Not applicable,Not applicable,Percent,24.66459
Malawi,2017,Not applicable,Not applicable,Percent,24.43508
Malawi,2015,Not applicable,Not applicable,Percent,30.40239
Malawi,2014,Not applicable,Not applicable,Percent,24.09011
Malawi,2007,Not applicable,Not applicable,Percent,21.10633
Malawi,2005,Not applicable,Not applicable,Percent,22.49519
Malawi,2004,Not applicable,Not applicable,Percent,21.44074
Malawi,2003,Not applicable,Not applicable,Percent,10.08465
Malaysia,2017,Not applicable,Not applicable,Percent,34.13717
Malaysia,2015,Not applicable,Not applicable,Percent,30.55443
Malaysia,2014,Not applicable,Not applicable,Percent,33.71674
Malaysia,2013,Not applicable,Not applicable,Percent,32.80581
Malaysia,2012,Not applicable,Not applicable,Percent,28.2341
Malaysia,2011,Not applicable,Not applicable,Percent,29.46265
Malaysia,2010,Not applicable,Not applicable,Percent,29.56057
Malaysia,2008,Not applicable,Not applicable,Percent,35.09463
Malaysia,2007,Not applicable,Not applicable,Percent,34.12187
Malaysia,2006,Not applicable,Not applicable,Percent,33.50976
Malaysia,2005,Not applicable,Not applicable,Percent,33.40651
Malaysia,2004,Not applicable,Not applicable,Percent,34.50718
Maldives,2012,Not applicable,Not applicable,Percent,39.90137
Maldives,2010,Not applicable,Not applicable,Percent,39.91031
Mali,2018,Not applicable,Not applicable,Percent,34.11942
Mali,2017,Not applicable,Not applicable,Percent,40.1872
Mali,2016,Not applicable,Not applicable,Percent,39.91703
Mali,2015,Not applicable,Not applicable,Percent,37.97895
Mali,2014,Not applicable,Not applicable,Percent,53.77242
Mali,2013,Not applicable,Not applicable,Percent,39.24395
Mali,2012,Not applicable,Not applicable,Percent,43.51478
Mali,2003,Not applicable,Not applicable,Percent,39.69913
Mali,2002,Not applicable,Not applicable,Percent,39.69857
Malta,2016,Not applicable,Not applicable,Percent,46.5654
Malta,2015,Not applicable,Not applicable,Percent,64.58281
Malta,2014,Not applicable,Not applicable,Percent,45.7106
Malta,2013,Not applicable,Not applicable,Percent,47.27325
Malta,2012,Not applicable,Not applicable,Percent,52.19563
Malta,2011,Not applicable,Not applicable,Percent,44.03464
Malta,2008,Not applicable,Not applicable,Percent,39.84703
Malta,2006,Not applicable,Not applicable,Percent,47.19542
Malta,2002,Not applicable,Not applicable,Percent,42.84794
Marshall Islands,2006,Not applicable,Not applicable,Percent,38.90212
Mauritania,2017,Not applicable,Not applicable,Percent,23.33516
Mauritania,2016,Not applicable,Not applicable,Percent,28.64948
Mauritania,2015,Not applicable,Not applicable,Percent,21.10855
Mauritania,2014,Not applicable,Not applicable,Percent,23.20389
Mauritania,2012,Not applicable,Not applicable,Percent,25.59149
Mauritania,2003,Not applicable,Not applicable,Percent,31.44452
Mauritius,2018,Not applicable,Not applicable,Percent,61.62625
Mauritius,2017,Not applicable,Not applicable,Percent,54.47862
Mauritius,2016,Not applicable,Not applicable,Percent,53.75406
Mauritius,2015,Not applicable,Not applicable,Percent,48.71658
Mauritius,2014,Not applicable,Not applicable,Percent,52.64606
Mauritius,2013,Not applicable,Not applicable,Percent,47.93064
Mauritius,2012,Not applicable,Not applicable,Percent,48.64084
Mauritius,2010,Not applicable,Not applicable,Percent,46.08863
Mauritius,2009,Not applicable,Not applicable,Percent,44.18119
Mauritius,2008,Not applicable,Not applicable,Percent,40.23315
Mauritius,2007,Not applicable,Not applicable,Percent,39.79143
Mauritius,2006,Not applicable,Not applicable,Percent,38.30222
Mauritius,2005,Not applicable,Not applicable,Percent,40.6777
Mexico,2015,Not applicable,Not applicable,Percent,30.66226
Mexico,2014,Not applicable,Not applicable,Percent,30.25379
Mexico,2013,Not applicable,Not applicable,Percent,30.24801
Mexico,2012,Not applicable,Not applicable,Percent,28.71158
Mexico,2011,Not applicable,Not applicable,Percent,29.49101
Mexico,2010,Not applicable,Not applicable,Percent,29.79115
Mexico,2009,Not applicable,Not applicable,Percent,30.26007
Mexico,2008,Not applicable,Not applicable,Percent,29.5445
Mexico,2007,Not applicable,Not applicable,Percent,29.18475
Mexico,2006,Not applicable,Not applicable,Percent,28.72046
Mexico,2005,Not applicable,Not applicable,Percent,34.4072
Mexico,2003,Not applicable,Not applicable,Percent,29.11088
Mexico,2002,Not applicable,Not applicable,Percent,36.77262
Moldova,2018,Not applicable,Not applicable,Percent,35.74184
Moldova,2016,Not applicable,Not applicable,Percent,34.87324
Moldova,2015,Not applicable,Not applicable,Percent,36.36441
Moldova,2014,Not applicable,Not applicable,Percent,37.2975
Moldova,2013,Not applicable,Not applicable,Percent,38.13276
Moldova,2012,Not applicable,Not applicable,Percent,37.32309
Moldova,2011,Not applicable,Not applicable,Percent,47.52945
Monaco,2018,Not applicable,Not applicable,Percent,41.06121
Monaco,2017,Not applicable,Not applicable,Percent,52.34058
Monaco,2016,Not applicable,Not applicable,Percent,57.83414
Monaco,2015,Not applicable,Not applicable,Percent,51.44008
Monaco,2014,Not applicable,Not applicable,Percent,37.74654
Monaco,2013,Not applicable,Not applicable,Percent,38.99344
Monaco,2008,Not applicable,Not applicable,Percent,45.83096
Monaco,2004,Not applicable,Not applicable,Percent,48.68196
Monaco,2003,Not applicable,Not applicable,Percent,52.4779
Monaco,2002,Not applicable,Not applicable,Percent,53.36099
Mongolia,2015,Not applicable,Not applicable,Percent,30.38636
Mongolia,2014,Not applicable,Not applicable,Percent,33.6604
Mongolia,2008,Not applicable,Not applicable,Percent,32.82562
Montserrat,2005,Not applicable,Not applicable,Percent,29.4661
Montserrat,2004,Not applicable,Not applicable,Percent,36.51178
Montserrat,2002,Not applicable,Not applicable,Percent,42.5645
Morocco,2013,Not applicable,Not applicable,Percent,41.92745
Morocco,2012,Not applicable,Not applicable,Percent,43.07103
Morocco,2003,Not applicable,Not applicable,Percent,43.22537
Morocco,2002,Not applicable,Not applicable,Percent,43.19333
Mozambique,2017,Not applicable,Not applicable,Percent,30.60395
Mozambique,2016,Not applicable,Not applicable,Percent,29.43184
Mozambique,2010,Not applicable,Not applicable,Percent,29.27021
Namibia,2014,Not applicable,Not applicable,Percent,23.5435
Namibia,2012,Not applicable,Not applicable,Percent,18.67858
Namibia,2010,Not applicable,Not applicable,Percent,22.92992
Namibia,2007,Not applicable,Not applicable,Percent,25.80826
Namibia,2006,Not applicable,Not applicable,Percent,24.5463
Namibia,2005,Not applicable,Not applicable,Percent,27.22445
Namibia,2004,Not applicable,Not applicable,Percent,27.22445
Namibia,2003,Not applicable,Not applicable,Percent,27.30851
Nepal,2018,Not applicable,Not applicable,Percent,35.28945
Nepal,2013,Not applicable,Not applicable,Percent,23.50926
Nepal,2012,Not applicable,Not applicable,Percent,24.16327
Nepal,2007,Not applicable,Not applicable,Percent,22.06686
Nepal,2006,Not applicable,Not applicable,Percent,23.07671
Nepal,2005,Not applicable,Not applicable,Percent,22.82665
Nepal,2004,Not applicable,Not applicable,Percent,21.9576
Nepal,2003,Not applicable,Not applicable,Percent,24.64161
Nepal,2002,Not applicable,Not applicable,Percent,22.79511
Netherlands,2017,Not applicable,Not applicable,Percent,40.69653
Netherlands,2016,Not applicable,Not applicable,Percent,40.53087
Netherlands,2015,Not applicable,Not applicable,Percent,40.23883
Netherlands,2014,Not applicable,Not applicable,Percent,40.68136
Netherlands,2013,Not applicable,Not applicable,Percent,40.63157
Netherlands,2012,Not applicable,Not applicable,Percent,40.49968
Netherlands,2011,Not applicable,Not applicable,Percent,40.53702
Netherlands,2010,Not applicable,Not applicable,Percent,39.73997
Netherlands,2009,Not applicable,Not applicable,Percent,39.41213
Netherlands,2008,Not applicable,Not applicable,Percent,39.22421
Netherlands,2007,Not applicable,Not applicable,Percent,38.38415
Netherlands,2006,Not applicable,Not applicable,Percent,39.27705
Netherlands,2005,Not applicable,Not applicable,Percent,39.77421
Netherlands,2004,Not applicable,Not applicable,Percent,39.79003
Netherlands,2003,Not applicable,Not applicable,Percent,39.23292
Netherlands,2002,Not applicable,Not applicable,Percent,39.0926
New Zealand,2018,Not applicable,Not applicable,Percent,38.30192
New Zealand,2016,Not applicable,Not applicable,Percent,38.95973
New Zealand,2015,Not applicable,Not applicable,Percent,38.12837
New Zealand,2014,Not applicable,Not applicable,Percent,38.66834
New Zealand,2013,Not applicable,Not applicable,Percent,37.08557
New Zealand,2012,Not applicable,Not applicable,Percent,38.68952
New Zealand,2011,Not applicable,Not applicable,Percent,40.20217
New Zealand,2010,Not applicable,Not applicable,Percent,42.19755
New Zealand,2009,Not applicable,Not applicable,Percent,42.60509
New Zealand,2008,Not applicable,Not applicable,Percent,41.71665
New Zealand,2007,Not applicable,Not applicable,Percent,40.53614
New Zealand,2006,Not applicable,Not applicable,Percent,39.05179
New Zealand,2005,Not applicable,Not applicable,Percent,40.13998
New Zealand,2003,Not applicable,Not applicable,Percent,40.22723
Nicaragua,2014,Not applicable,Not applicable,Percent,13.23297
Niger,2018,Not applicable,Not applicable,Percent,29.12006
Niger,2017,Not applicable,Not applicable,Percent,25.09039
Niger,2016,Not applicable,Not applicable,Percent,23.82971
Niger,2015,Not applicable,Not applicable,Percent,24.27781
Niger,2014,Not applicable,Not applicable,Percent,21.27996
Niger,2013,Not applicable,Not applicable,Percent,20.92634
Niger,2012,Not applicable,Not applicable,Percent,21.24667
Niger,2011,Not applicable,Not applicable,Percent,19.43827
Niger,2010,Not applicable,Not applicable,Percent,21.5495
Niue,2006,Not applicable,Not applicable,Percent,50.66487
Norway,2015,Not applicable,Not applicable,Percent,35.23849
Norway,2014,Not applicable,Not applicable,Percent,35.33097
Norway,2013,Not applicable,Not applicable,Percent,35.12201
Norway,2012,Not applicable,Not applicable,Percent,34.81273
Norway,2011,Not applicable,Not applicable,Percent,34.97291
Norway,2010,Not applicable,Not applicable,Percent,35.14526
Norway,2009,Not applicable,Not applicable,Percent,35.66889
Norway,2008,Not applicable,Not applicable,Percent,35.09394
Norway,2007,Not applicable,Not applicable,Percent,36.04755
Norway,2006,Not applicable,Not applicable,Percent,33.12719
Norway,2002,Not applicable,Not applicable,Percent,33.70002
Oman,2017,Not applicable,Not applicable,Percent,32.14099
Oman,2013,Not applicable,Not applicable,Percent,40.16299
Oman,2009,Not applicable,Not applicable,Percent,41.82647
Oman,2008,Not applicable,Not applicable,Percent,42.71646
Oman,2006,Not applicable,Not applicable,Percent,43.20537
Oman,2005,Not applicable,Not applicable,Percent,52.59495
Oman,2003,Not applicable,Not applicable,Percent,52.80008
Oman,2002,Not applicable,Not applicable,Percent,50.73488
Pakistan,2018,Not applicable,Not applicable,Percent,33.37814
Pakistan,2017,Not applicable,Not applicable,Percent,25.13369
Palau,2005,Not applicable,Not applicable,Percent,9.5649
Panama,2015,Not applicable,Not applicable,Percent,22.42744
Panama,2008,Not applicable,Not applicable,Percent,25.94862
Panama,2006,Not applicable,Not applicable,Percent,29.22263
Panama,2005,Not applicable,Not applicable,Percent,26.39545
Panama,2004,Not applicable,Not applicable,Percent,33.89391
Panama,2003,Not applicable,Not applicable,Percent,31.37637
Paraguay,2016,Not applicable,Not applicable,Percent,32.99166
Paraguay,2015,Not applicable,Not applicable,Percent,31.24133
Paraguay,2014,Not applicable,Not applicable,Percent,36.12974
Paraguay,2011,Not applicable,Not applicable,Percent,35.34182
Paraguay,2008,Not applicable,Not applicable,Percent,29.79304
Paraguay,2007,Not applicable,Not applicable,Percent,28.48819
Paraguay,2006,Not applicable,Not applicable,Percent,28.34365
Paraguay,2005,Not applicable,Not applicable,Percent,28.86321
Paraguay,2004,Not applicable,Not applicable,Percent,29.91065
Peru,2018,Not applicable,Not applicable,Percent,30.71785
Peru,2017,Not applicable,Not applicable,Percent,28.486
Peru,2016,Not applicable,Not applicable,Percent,31.86791
Peru,2015,Not applicable,Not applicable,Percent,31.40533
Peru,2014,Not applicable,Not applicable,Percent,34.21539
Peru,2013,Not applicable,Not applicable,Percent,33.47837
Peru,2012,Not applicable,Not applicable,Percent,33.30163
Peru,2011,Not applicable,Not applicable,Percent,35.71264
Peru,2010,Not applicable,Not applicable,Percent,35.50438
Peru,2009,Not applicable,Not applicable,Percent,31.38581
Peru,2008,Not applicable,Not applicable,Percent,31.75784
Peru,2007,Not applicable,Not applicable,Percent,30.31172
Peru,2006,Not applicable,Not applicable,Percent,30.49274
Peru,2005,Not applicable,Not applicable,Percent,29.58975
Peru,2004,Not applicable,Not applicable,Percent,28.37923
Peru,2003,Not applicable,Not applicable,Percent,26.61103
Peru,2002,Not applicable,Not applicable,Percent,29.57983
Philippines,2013,Not applicable,Not applicable,Percent,29.69366
Philippines,2012,Not applicable,Not applicable,Percent,25.41401
Philippines,2011,Not applicable,Not applicable,Percent,24.77302
Philippines,2009,Not applicable,Not applicable,Percent,26.79191
Philippines,2008,Not applicable,Not applicable,Percent,25.83594
Philippines,2007,Not applicable,Not applicable,Percent,24.5403
Philippines,2006,Not applicable,Not applicable,Percent,22.21366
Philippines,2005,Not applicable,Not applicable,Percent,21.92228
Philippines,2004,Not applicable,Not applicable,Percent,21.80575
Poland,2016,Not applicable,Not applicable,Percent,33.95379
Poland,2015,Not applicable,Not applicable,Percent,34.64411
Poland,2014,Not applicable,Not applicable,Percent,35.5027
Poland,2013,Not applicable,Not applicable,Percent,36.89908
Poland,2012,Not applicable,Not applicable,Percent,36.4423
Poland,2011,Not applicable,Not applicable,Percent,37.62045
Poland,2010,Not applicable,Not applicable,Percent,38.22151
Poland,2009,Not applicable,Not applicable,Percent,36.60987
Poland,2008,Not applicable,Not applicable,Percent,36.37068
Poland,2007,Not applicable,Not applicable,Percent,37.64291
Poland,2006,Not applicable,Not applicable,Percent,37.93355
Poland,2002,Not applicable,Not applicable,Percent,22.20736
Portugal,2015,Not applicable,Not applicable,Percent,43.71099
Portugal,2014,Not applicable,Not applicable,Percent,44.01338
Portugal,2013,Not applicable,Not applicable,Percent,44.87685
Portugal,2012,Not applicable,Not applicable,Percent,42.09272
Portugal,2011,Not applicable,Not applicable,Percent,39.5278
Portugal,2010,Not applicable,Not applicable,Percent,40.41454
Portugal,2009,Not applicable,Not applicable,Percent,40.7537
Portugal,2008,Not applicable,Not applicable,Percent,41.16126
Portugal,2007,Not applicable,Not applicable,Percent,40.97177
Portugal,2006,Not applicable,Not applicable,Percent,42.16323
Portugal,2005,Not applicable,Not applicable,Percent,42.44916
Portugal,2004,Not applicable,Not applicable,Percent,42.96321
Portugal,2003,Not applicable,Not applicable,Percent,43.37904
Puerto Rico,2017,Not applicable,Not applicable,Percent,23.56403
Qatar,2013,Not applicable,Not applicable,Percent,14.74059
Republic of Korea,2016,Not applicable,Not applicable,Percent,37.8772
Republic of Korea,2013,Not applicable,Not applicable,Percent,38.21998
Republic of Korea,2012,Not applicable,Not applicable,Percent,39.36942
Republic of Korea,2011,Not applicable,Not applicable,Percent,42.35869
Republic of Korea,2010,Not applicable,Not applicable,Percent,42.03923
Republic of Korea,2009,Not applicable,Not applicable,Percent,41.50936
Republic of Korea,2008,Not applicable,Not applicable,Percent,41.48585
Republic of Korea,2007,Not applicable,Not applicable,Percent,41.41249
Republic of Korea,2006,Not applicable,Not applicable,Percent,43.40532
Republic of Korea,2005,Not applicable,Not applicable,Percent,39.18193
Republic of Korea,2003,Not applicable,Not applicable,Percent,37.27903
Republic of Korea,2002,Not applicable,Not applicable,Percent,37.73606
Romania,2016,Not applicable,Not applicable,Percent,35.96518
Romania,2015,Not applicable,Not applicable,Percent,34.16015
Romania,2014,Not applicable,Not applicable,Percent,35.75163
Romania,2013,Not applicable,Not applicable,Percent,35.72018
Romania,2011,Not applicable,Not applicable,Percent,35.28172
Romania,2009,Not applicable,Not applicable,Percent,44.27116
Romania,2008,Not applicable,Not applicable,Percent,44.53602
Romania,2007,Not applicable,Not applicable,Percent,40.12788
Rwanda,2017,Not applicable,Not applicable,Percent,41.71371
Rwanda,2016,Not applicable,Not applicable,Percent,36.48545
Rwanda,2015,Not applicable,Not applicable,Percent,37.64952
Rwanda,2014,Not applicable,Not applicable,Percent,30.68117
Rwanda,2012,Not applicable,Not applicable,Percent,24.98727
Rwanda,2011,Not applicable,Not applicable,Percent,19.75947
Rwanda,2004,Not applicable,Not applicable,Percent,16.68292
Saint Kitts and Nevis,2002,Not applicable,Not applicable,Percent,24.26678
Saint Lucia,2018,Not applicable,Not applicable,Percent,40.34032
Saint Lucia,2017,Not applicable,Not applicable,Percent,38.88502
Saint Lucia,2016,Not applicable,Not applicable,Percent,45.7141
Saint Lucia,2015,Not applicable,Not applicable,Percent,45.07557
Saint Lucia,2014,Not applicable,Not applicable,Percent,45.58441
Saint Lucia,2013,Not applicable,Not applicable,Percent,44.09285
Saint Lucia,2008,Not applicable,Not applicable,Percent,33.39897
Saint Lucia,2003,Not applicable,Not applicable,Percent,26.02765
Saint Vincent and the Grenadines,2014,Not applicable,Not applicable,Percent,36.26821
Saint Vincent and the Grenadines,2013,Not applicable,Not applicable,Percent,41.08444
Saint Vincent and the Grenadines,2011,Not applicable,Not applicable,Percent,31.78252
Saint Vincent and the Grenadines,2009,Not applicable,Not applicable,Percent,31.72667
Saint Vincent and the Grenadines,2004,Not applicable,Not applicable,Percent,25.47522
Saint Vincent and the Grenadines,2002,Not applicable,Not applicable,Percent,26.11741
Samoa,2005,Not applicable,Not applicable,Percent,29.82455
Samoa,2004,Not applicable,Not applicable,Percent,29.53337
Samoa,2003,Not applicable,Not applicable,Percent,27.61153
San Marino,2015,Not applicable,Not applicable,Percent,35.76131
San Marino,2014,Not applicable,Not applicable,Percent,39.51719
Sao Tome and Principe,2018,Not applicable,Not applicable,Percent,22.60819
Sao Tome and Principe,2017,Not applicable,Not applicable,Percent,26.96681
Sao Tome and Principe,2016,Not applicable,Not applicable,Percent,21.255
Senegal,2014,Not applicable,Not applicable,Percent,28.95372
Senegal,2013,Not applicable,Not applicable,Percent,30.71041
Senegal,2012,Not applicable,Not applicable,Percent,24.06448
Senegal,2010,Not applicable,Not applicable,Percent,25.29974
Senegal,2009,Not applicable,Not applicable,Percent,22.41654
Senegal,2002,Not applicable,Not applicable,Percent,25.31535
Serbia,2015,Not applicable,Not applicable,Percent,23.13767
Serbia,2014,Not applicable,Not applicable,Percent,23.25862
Serbia,2013,Not applicable,Not applicable,Percent,23.58812
Serbia,2012,Not applicable,Not applicable,Percent,23.73194
Serbia,2011,Not applicable,Not applicable,Percent,24.24813
Seychelles,2015,Not applicable,Not applicable,Percent,16.16604
Seychelles,2007,Not applicable,Not applicable,Percent,28.90592
Seychelles,2006,Not applicable,Not applicable,Percent,26.112
Seychelles,2002,Not applicable,Not applicable,Percent,40.82127
Sierra Leone,2018,Not applicable,Not applicable,Percent,23.38177
Sierra Leone,2017,Not applicable,Not applicable,Percent,22.15584
Sierra Leone,2016,Not applicable,Not applicable,Percent,24.07215
Sierra Leone,2015,Not applicable,Not applicable,Percent,26.29405
Sierra Leone,2014,Not applicable,Not applicable,Percent,26.35629
Sierra Leone,2013,Not applicable,Not applicable,Percent,28.34971
Sierra Leone,2012,Not applicable,Not applicable,Percent,24.9874
Sierra Leone,2011,Not applicable,Not applicable,Percent,24.75541
Singapore,2017,Not applicable,Not applicable,Percent,22.96219
Singapore,2016,Not applicable,Not applicable,Percent,21.47359
Singapore,2015,Not applicable,Not applicable,Percent,23.83451
Singapore,2014,Not applicable,Not applicable,Percent,24.96839
Singapore,2013,Not applicable,Not applicable,Percent,24.81203
Singapore,2012,Not applicable,Not applicable,Percent,25.60021
Slovakia,2017,Not applicable,Not applicable,Percent,42.7185
Slovakia,2016,Not applicable,Not applicable,Percent,44.13289
Slovakia,2015,Not applicable,Not applicable,Percent,44.58291
Slovakia,2014,Not applicable,Not applicable,Percent,46.93986
Slovakia,2013,Not applicable,Not applicable,Percent,47.08573
Slovakia,2012,Not applicable,Not applicable,Percent,45.70063
Slovakia,2011,Not applicable,Not applicable,Percent,46.63489
Slovakia,2010,Not applicable,Not applicable,Percent,46.41545
Slovakia,2009,Not applicable,Not applicable,Percent,48.89943
Slovakia,2008,Not applicable,Not applicable,Percent,50.38545
Slovakia,2007,Not applicable,Not applicable,Percent,50.55138
Slovakia,2006,Not applicable,Not applicable,Percent,53.23667
Slovakia,2005,Not applicable,Not applicable,Percent,51.25625
Slovakia,2004,Not applicable,Not applicable,Percent,51.02616
Slovakia,2003,Not applicable,Not applicable,Percent,55.13073
Slovenia,2015,Not applicable,Not applicable,Percent,36.35394
Slovenia,2014,Not applicable,Not applicable,Percent,37.08222
Slovenia,2007,Not applicable,Not applicable,Percent,46.59452
Slovenia,2006,Not applicable,Not applicable,Percent,47.08432
Slovenia,2005,Not applicable,Not applicable,Percent,49.20228
South Africa,2018,Not applicable,Not applicable,Percent,30.72001
South Africa,2016,Not applicable,Not applicable,Percent,30.25606
South Africa,2015,Not applicable,Not applicable,Percent,32.91663
South Africa,2014,Not applicable,Not applicable,Percent,31.44942
South Africa,2013,Not applicable,Not applicable,Percent,30.87872
South Africa,2012,Not applicable,Not applicable,Percent,31.1158
South Africa,2011,Not applicable,Not applicable,Percent,33.68401
South Africa,2010,Not applicable,Not applicable,Percent,31.09478
South Africa,2009,Not applicable,Not applicable,Percent,32.57677
South Africa,2008,Not applicable,Not applicable,Percent,35.63045
South Africa,2007,Not applicable,Not applicable,Percent,35.27866
South Africa,2006,Not applicable,Not applicable,Percent,31.26304
South Africa,2005,Not applicable,Not applicable,Percent,31.11752
South Africa,2004,Not applicable,Not applicable,Percent,31.32702
South Africa,2003,Not applicable,Not applicable,Percent,33.68504
South Sudan,2015,Not applicable,Not applicable,Percent,11.80905
Spain,2017,Not applicable,Not applicable,Percent,36.90563
Spain,2015,Not applicable,Not applicable,Percent,36.97093
Spain,2014,Not applicable,Not applicable,Percent,36.97093
Spain,2013,Not applicable,Not applicable,Percent,37.50079
Spain,2012,Not applicable,Not applicable,Percent,37.65901
Spain,2011,Not applicable,Not applicable,Percent,38.12844
Spain,2010,Not applicable,Not applicable,Percent,39.2039
Spain,2009,Not applicable,Not applicable,Percent,39.45084
Spain,2008,Not applicable,Not applicable,Percent,39.73975
Spain,2007,Not applicable,Not applicable,Percent,40.25495
Spain,2006,Not applicable,Not applicable,Percent,41.39121
Spain,2005,Not applicable,Not applicable,Percent,41.81559
Spain,2004,Not applicable,Not applicable,Percent,43.74455
Spain,2003,Not applicable,Not applicable,Percent,46.02285
Spain,2002,Not applicable,Not applicable,Percent,46.75604
Sri Lanka,2017,Not applicable,Not applicable,Percent,49.08597
Sri Lanka,2016,Not applicable,Not applicable,Percent,50.77935
Sri Lanka,2015,Not applicable,Not applicable,Percent,51.45251
Sri Lanka,2014,Not applicable,Not applicable,Percent,53.22425
Sri Lanka,2013,Not applicable,Not applicable,Percent,48.18927
Swaziland,2015,Not applicable,Not applicable,Percent,36.70649
Swaziland,2014,Not applicable,Not applicable,Percent,35.5
Swaziland,2013,Not applicable,Not applicable,Percent,34.64214
Swaziland,2012,Not applicable,Not applicable,Percent,33.52014
Swaziland,2010,Not applicable,Not applicable,Percent,31.5193
Swaziland,2009,Not applicable,Not applicable,Percent,34.91949
Swaziland,2008,Not applicable,Not applicable,Percent,28.01562
Swaziland,2007,Not applicable,Not applicable,Percent,41.10222
Swaziland,2006,Not applicable,Not applicable,Percent,31.09167
Swaziland,2005,Not applicable,Not applicable,Percent,33.34727
Swaziland,2004,Not applicable,Not applicable,Percent,27.84108
Swaziland,2003,Not applicable,Not applicable,Percent,26.90439
Sweden,2017,Not applicable,Not applicable,Percent,27.89324
Sweden,2016,Not applicable,Not applicable,Percent,28.82357
Sweden,2015,Not applicable,Not applicable,Percent,35.42212
Sweden,2014,Not applicable,Not applicable,Percent,35.58738
Sweden,2013,Not applicable,Not applicable,Percent,36.78404
Sweden,2012,Not applicable,Not applicable,Percent,37.87065
Sweden,2011,Not applicable,Not applicable,Percent,38.85044
Sweden,2010,Not applicable,Not applicable,Percent,38.60232
Sweden,2009,Not applicable,Not applicable,Percent,38.21497
Sweden,2008,Not applicable,Not applicable,Percent,37.256
Sweden,2007,Not applicable,Not applicable,Percent,36.41856
Sweden,2006,Not applicable,Not applicable,Percent,36.44994
Sweden,2005,Not applicable,Not applicable,Percent,37.73357
Sweden,2004,Not applicable,Not applicable,Percent,37.74313
Sweden,2003,Not applicable,Not applicable,Percent,38.39215
Sweden,2002,Not applicable,Not applicable,Percent,39.68176
Switzerland,2016,Not applicable,Not applicable,Percent,39.12184
Switzerland,2015,Not applicable,Not applicable,Percent,39.83454
Switzerland,2014,Not applicable,Not applicable,Percent,41.26948
Switzerland,2013,Not applicable,Not applicable,Percent,41.45361
Switzerland,2012,Not applicable,Not applicable,Percent,45.37242
Switzerland,2011,Not applicable,Not applicable,Percent,38.17514
Switzerland,2010,Not applicable,Not applicable,Percent,37.50446
Switzerland,2009,Not applicable,Not applicable,Percent,37.66496
Switzerland,2008,Not applicable,Not applicable,Percent,35.66956
Switzerland,2007,Not applicable,Not applicable,Percent,36.45894
Switzerland,2006,Not applicable,Not applicable,Percent,38.21976
Switzerland,2005,Not applicable,Not applicable,Percent,39.04682
Switzerland,2004,Not applicable,Not applicable,Percent,39.44057
Switzerland,2003,Not applicable,Not applicable,Percent,39.41656
Switzerland,2002,Not applicable,Not applicable,Percent,40.3781
Syrian Arab Republic,2013,Not applicable,Not applicable,Percent,36.90446
Syrian Arab Republic,2011,Not applicable,Not applicable,Percent,35.85406
Syrian Arab Republic,2006,Not applicable,Not applicable,Percent,33.41477
Thailand,2017,Not applicable,Not applicable,Percent,29.81499
Thailand,2016,Not applicable,Not applicable,Percent,28.62811
Thailand,2015,Not applicable,Not applicable,Percent,21.45284
Thailand,2014,Not applicable,Not applicable,Percent,28.61176
Thailand,2013,Not applicable,Not applicable,Percent,15.5976
Thailand,2012,Not applicable,Not applicable,Percent,14.26054
Thailand,2008,Not applicable,Not applicable,Percent,23.98801
Thailand,2005,Not applicable,Not applicable,Percent,20.5315
Thailand,2004,Not applicable,Not applicable,Percent,21.88651
Thailand,2002,Not applicable,Not applicable,Percent,27.07097
Timor-Leste,2018,Not applicable,Not applicable,Percent,29.81894
Timor-Leste,2017,Not applicable,Not applicable,Percent,30.17516
Timor-Leste,2016,Not applicable,Not applicable,Percent,20.02046
Timor-Leste,2015,Not applicable,Not applicable,Percent,7.45076
Togo,2018,Not applicable,Not applicable,Percent,17.49651
Togo,2017,Not applicable,Not applicable,Percent,15.84563
Togo,2016,Not applicable,Not applicable,Percent,14.34092
Togo,2015,Not applicable,Not applicable,Percent,29.31078
Togo,2014,Not applicable,Not applicable,Percent,25.57905
Togo,2013,Not applicable,Not applicable,Percent,35.35058
Togo,2012,Not applicable,Not applicable,Percent,35.89322
Togo,2011,Not applicable,Not applicable,Percent,33.25883
Togo,2004,Not applicable,Not applicable,Percent,29.3135
Togo,2003,Not applicable,Not applicable,Percent,33.01886
Togo,2002,Not applicable,Not applicable,Percent,28.6962
Tonga,2008,Not applicable,Not applicable,Percent,30.13839
Tonga,2007,Not applicable,Not applicable,Percent,31.08277
Tonga,2006,Not applicable,Not applicable,Percent,28.86769
Tonga,2002,Not applicable,Not applicable,Percent,23.08848
Trinidad and Tobago,2007,Not applicable,Not applicable,Percent,36.8308
Trinidad and Tobago,2006,Not applicable,Not applicable,Percent,42.05462
Trinidad and Tobago,2005,Not applicable,Not applicable,Percent,34.37366
Trinidad and Tobago,2004,Not applicable,Not applicable,Percent,34.46296
Tunisia,2012,Not applicable,Not applicable,Percent,47.34098
Tunisia,2009,Not applicable,Not applicable,Percent,41.58348
Tunisia,2008,Not applicable,Not applicable,Percent,38.12103
Tunisia,2007,Not applicable,Not applicable,Percent,40.60611
Tunisia,2006,Not applicable,Not applicable,Percent,44.35696
Tunisia,2005,Not applicable,Not applicable,Percent,44.80251
Tunisia,2004,Not applicable,Not applicable,Percent,45.03064
Tunisia,2003,Not applicable,Not applicable,Percent,43.91516
Turks and Caicos Islands,2019,Not applicable,Not applicable,Percent,41.47326
Turks and Caicos Islands,2009,Not applicable,Not applicable,Percent,47.65114
Turks and Caicos Islands,2007,Not applicable,Not applicable,Percent,27.96775
Turks and Caicos Islands,2006,Not applicable,Not applicable,Percent,31.74951
Turks and Caicos Islands,2005,Not applicable,Not applicable,Percent,27.24358
Turks and Caicos Islands,2004,Not applicable,Not applicable,Percent,31.53898
Turks and Caicos Islands,2003,Not applicable,Not applicable,Percent,28.78013
Turks and Caicos Islands,2002,Not applicable,Not applicable,Percent,35.92932
Uganda,2017,Not applicable,Not applicable,Percent,29.1968
Uganda,2016,Not applicable,Not applicable,Percent,25.47402
Uganda,2015,Not applicable,Not applicable,Percent,24.64126
Uganda,2014,Not applicable,Not applicable,Percent,24.18875
Uganda,2013,Not applicable,Not applicable,Percent,23.48868
Uganda,2008,Not applicable,Not applicable,Percent,17.31284
Ukraine,2017,Not applicable,Not applicable,Percent,28.12585
Ukraine,2016,Not applicable,Not applicable,Percent,28.77495
Ukraine,2015,Not applicable,Not applicable,Percent,28.5721
United Kingdom of Great Britain and Northern Ireland,2017,Not applicable,Not applicable,Percent,40.13864
United Kingdom of Great Britain and Northern Ireland,2015,Not applicable,Not applicable,Percent,41.5706
United Kingdom of Great Britain and Northern Ireland,2014,Not applicable,Not applicable,Percent,48.31804
United Kingdom of Great Britain and Northern Ireland,2013,Not applicable,Not applicable,Percent,48.91957
United Kingdom of Great Britain and Northern Ireland,2012,Not applicable,Not applicable,Percent,47.03944
United Kingdom of Great Britain and Northern Ireland,2011,Not applicable,Not applicable,Percent,45.10862
United Kingdom of Great Britain and Northern Ireland,2010,Not applicable,Not applicable,Percent,43.31438
United Kingdom of Great Britain and Northern Ireland,2009,Not applicable,Not applicable,Percent,45.38878
United Kingdom of Great Britain and Northern Ireland,2008,Not applicable,Not applicable,Percent,47.88209
United Kingdom of Great Britain and Northern Ireland,2007,Not applicable,Not applicable,Percent,48.27423
United Kingdom of Great Britain and Northern Ireland,2006,Not applicable,Not applicable,Percent,47.14807
United Kingdom of Great Britain and Northern Ireland,2005,Not applicable,Not applicable,Percent,48.3563
United Kingdom of Great Britain and Northern Ireland,2004,Not applicable,Not applicable,Percent,48.7333
United Kingdom of Great Britain and Northern Ireland,2003,Not applicable,Not applicable,Percent,46.70776
United Kingdom of Great Britain and Northern Ireland,2002,Not applicable,Not applicable,Percent,46.07624
United Republic of Tanzania,2018,Not applicable,Not applicable,Percent,18.26841
United Republic of Tanzania,2014,Not applicable,Not applicable,Percent,11.32435
United Republic of Tanzania,2013,Not applicable,Not applicable,Percent,16.66065
United Republic of Tanzania,2012,Not applicable,Not applicable,Percent,17.02626
United Republic of Tanzania,2011,Not applicable,Not applicable,Percent,17.25688
United Republic of Tanzania,2010,Not applicable,Not applicable,Percent,14.45393
United Republic of Tanzania,2009,Not applicable,Not applicable,Percent,12.85144
United Republic of Tanzania,2008,Not applicable,Not applicable,Percent,8.92966
United States of America,2015,Not applicable,Not applicable,Percent,35.87161
United States of America,2014,Not applicable,Not applicable,Percent,35.41613
United States of America,2013,Not applicable,Not applicable,Percent,37.59344
United States of America,2012,Not applicable,Not applicable,Percent,37.00475
United States of America,2011,Not applicable,Not applicable,Percent,36.78054
United States of America,2010,Not applicable,Not applicable,Percent,35.80562
United States of America,2009,Not applicable,Not applicable,Percent,36.03772
United States of America,2008,Not applicable,Not applicable,Percent,36.66227
United States of America,2007,Not applicable,Not applicable,Percent,36.51941
United States of America,2006,Not applicable,Not applicable,Percent,35.27555
United States of America,2005,Not applicable,Not applicable,Percent,34.4638
United States of America,2003,Not applicable,Not applicable,Percent,35.57685
United States of America,2002,Not applicable,Not applicable,Percent,36.05263
Uruguay,2015,Not applicable,Not applicable,Percent,33.17493
Uruguay,2010,Not applicable,Not applicable,Percent,35.98496
Uruguay,2009,Not applicable,Not applicable,Percent,35.49689
Uruguay,2008,Not applicable,Not applicable,Percent,34.50801
Uruguay,2007,Not applicable,Not applicable,Percent,32.46827
Uruguay,2006,Not applicable,Not applicable,Percent,34.4289
Uruguay,2005,Not applicable,Not applicable,Percent,32.49809
Uruguay,2004,Not applicable,Not applicable,Percent,37.78661
Vanuatu,2018,Not applicable,Not applicable,Percent,32.54411
Vanuatu,2013,Not applicable,Not applicable,Percent,29.69251
Vanuatu,2012,Not applicable,Not applicable,Percent,32.91404
Vanuatu,2005,Not applicable,Not applicable,Percent,57.39532
Vanuatu,2004,Not applicable,Not applicable,Percent,49.44588
Vanuatu,2003,Not applicable,Not applicable,Percent,57.67274
Vanuatu,2002,Not applicable,Not applicable,Percent,49.39059
Venezuela (Bolivarian Republic of),2013,Not applicable,Not applicable,Percent,19.03526
Venezuela (Bolivarian Republic of),2011,Not applicable,Not applicable,Percent,17.51542
Venezuela (Bolivarian Republic of),2010,Not applicable,Not applicable,Percent,17.62346
Viet Nam,2016,Not applicable,Not applicable,Percent,43.28479
Viet Nam,2014,Not applicable,Not applicable,Percent,38.12663
Viet Nam,2012,Not applicable,Not applicable,Percent,35.77344
Zambia,2009,Not applicable,Not applicable,Percent,14.48865
Zambia,2008,Not applicable,Not applicable,Percent,13.30184
Zambia,2004,Not applicable,Not applicable,Percent,25.78828
Zimbabwe,2014,Not applicable,Not applicable,Percent,25.6049
