pais_key,tiempo_key,RESIDENCE AREA,indicadorPobreza
Afghanistan,2016,Rural,56
Afghanistan,2016,Total,64
Afghanistan,2016,Urban,90
Afghanistan,2014,Rural,50
Afghanistan,2014,Total,57
Afghanistan,2014,Urban,81
Afghanistan,2009,Rural,34
Afghanistan,2009,Total,40
Afghanistan,2009,Urban,59
Afghanistan,2004,Rural,18
Afghanistan,2004,Total,22
Afghanistan,2004,Urban,36
Afghanistan,1999,Urban,14
Afghanistan,1999,Rural,3
Afghanistan,1999,Total,5
Afghanistan,1994,Rural,3
Albania,2016,Rural,94
Albania,2016,Total,96
Albania,2016,Urban,97
Albania,2014,Total,96
Albania,2014,Urban,98
Albania,2014,Rural,94
Albania,2009,Rural,94
Albania,2009,Total,96
Albania,2009,Urban,99
Albania,2004,Urban,100
Albania,2004,Rural,94
Albania,2004,Total,96
Albania,1999,Urban,100
Albania,1999,Rural,94
Albania,1999,Total,96
Albania,1994,Urban,100
Algeria,2016,Rural,79
Algeria,2016,Total,84
Algeria,2016,Urban,85
Algeria,2014,Total,84
Algeria,2014,Rural,79
Algeria,2014,Urban,85
Algeria,2009,Rural,81
Algeria,2009,Total,86
Algeria,2009,Urban,88
Algeria,2004,Rural,84
Algeria,2004,Total,89
Algeria,2004,Urban,93
Algeria,1999,Urban,98
Algeria,1999,Total,93
Algeria,1999,Rural,86
Algeria,1994,Urban,100
Algeria,1994,Rural,88
Algeria,1994,Total,94
Andorra,2016,Total,100
Andorra,2016,Urban,100
Andorra,2016,Rural,100
Andorra,2014,Total,100
Andorra,2014,Urban,100
Andorra,2014,Rural,100
Andorra,2009,Total,100
Andorra,2009,Urban,100
Andorra,2009,Rural,100
Andorra,2004,Total,100
Andorra,2004,Urban,100
Andorra,2004,Rural,100
Andorra,1999,Total,100
Andorra,1999,Urban,100
Andorra,1999,Rural,100
Andorra,1994,Total,100
Andorra,1994,Urban,100
Andorra,1994,Rural,100
Angola,2016,Rural,34
Angola,2016,Urban,68
Angola,2016,Total,54
Angola,2014,Total,53
Angola,2014,Urban,65
Angola,2014,Rural,35
Angola,2009,Rural,37
Angola,2009,Total,49
Angola,2009,Urban,59
Angola,2004,Rural,39
Angola,2004,Total,46
Angola,2004,Urban,52
Angola,1999,Rural,41
Angola,1999,Total,43
Angola,1999,Urban,46
Angola,1994,Total,42
Angola,1994,Rural,42
Angola,1994,Urban,43
Antigua and Barbuda,2016,Total,98
Antigua and Barbuda,2016,Urban,98
Antigua and Barbuda,2016,Rural,98
Antigua and Barbuda,2014,Total,98
Antigua and Barbuda,2014,Urban,98
Antigua and Barbuda,2014,Rural,98
Antigua and Barbuda,2009,Urban,98
Antigua and Barbuda,2009,Rural,98
Antigua and Barbuda,2009,Total,98
Antigua and Barbuda,2004,Total,98
Antigua and Barbuda,2004,Urban,98
Antigua and Barbuda,2004,Rural,98
Antigua and Barbuda,1999,Total,98
Antigua and Barbuda,1999,Urban,98
Antigua and Barbuda,1999,Rural,98
Antigua and Barbuda,1994,Urban,97
Antigua and Barbuda,1994,Rural,97
Antigua and Barbuda,1994,Total,97
Argentina,2016,Rural,95
Argentina,2016,Total,99
Argentina,2016,Urban,99
Argentina,2014,Total,98
Argentina,2014,Urban,99
Argentina,2014,Rural,93
Argentina,2009,Total,98
Argentina,2009,Urban,99
Argentina,2009,Rural,87
Argentina,2004,Urban,98
Argentina,2004,Total,96
Argentina,2004,Rural,81
Argentina,1999,Urban,98
Argentina,1999,Total,95
Argentina,1999,Rural,75
Argentina,1994,Urban,97
Argentina,1994,Rural,69
Argentina,1994,Total,94
Armenia,2016,Total,100
Armenia,2016,Urban,100
Armenia,2016,Rural,100
Armenia,2014,Total,99
Armenia,2014,Urban,99
Armenia,2014,Rural,97
Armenia,2009,Urban,99
Armenia,2009,Total,96
Armenia,2009,Rural,89
Armenia,2004,Rural,82
Armenia,2004,Total,93
Armenia,2004,Urban,99
Armenia,1999,Rural,75
Armenia,1999,Total,90
Armenia,1999,Urban,98
Armenia,1994,Urban,98
Australia,2016,Total,100
Australia,2016,Urban,100
Australia,2016,Rural,100
Australia,2014,Total,100
Australia,2014,Urban,100
Australia,2014,Rural,100
Australia,2009,Total,100
Australia,2009,Urban,100
Australia,2009,Rural,100
Australia,2004,Total,100
Australia,2004,Urban,100
Australia,2004,Rural,100
Australia,1999,Total,100
Australia,1999,Urban,100
Australia,1999,Rural,100
Australia,1994,Total,100
Australia,1994,Urban,100
Australia,1994,Rural,100
Austria,2016,Total,100
Austria,2016,Urban,100
Austria,2016,Rural,100
Austria,2014,Total,100
Austria,2014,Urban,100
Austria,2014,Rural,100
Austria,2009,Total,100
Austria,2009,Urban,100
Austria,2009,Rural,100
Austria,2004,Total,100
Austria,2004,Urban,100
Austria,2004,Rural,100
Austria,1999,Total,100
Austria,1999,Urban,100
Austria,1999,Rural,100
Austria,1994,Total,100
Austria,1994,Urban,100
Austria,1994,Rural,100
Azerbaijan,2016,Rural,71
Azerbaijan,2016,Total,80
Azerbaijan,2016,Urban,88
Azerbaijan,2014,Rural,71
Azerbaijan,2014,Urban,88
Azerbaijan,2014,Total,80
Azerbaijan,2009,Urban,88
Azerbaijan,2009,Rural,66
Azerbaijan,2009,Total,78
Azerbaijan,2004,Urban,88
Azerbaijan,2004,Rural,59
Azerbaijan,2004,Total,74
Azerbaijan,1999,Total,71
Azerbaijan,1999,Urban,88
Azerbaijan,1999,Rural,52
Azerbaijan,1994,Urban,88
Azerbaijan,1994,Total,70
Azerbaijan,1994,Rural,49
Bahamas,2016,Urban,98
Bahamas,2016,Rural,98
Bahamas,2016,Total,98
Bahamas,2014,Urban,98
Bahamas,2014,Rural,98
Bahamas,2014,Total,98
Bahamas,2009,Urban,97
Bahamas,2009,Rural,97
Bahamas,2009,Total,97
Bahamas,2004,Total,97
Bahamas,2004,Urban,97
Bahamas,2004,Rural,97
Bahamas,1999,Urban,96
Bahamas,1999,Rural,96
Bahamas,1999,Total,96
Bahrain,2016,Total,100
Bahrain,2016,Urban,100
Bahrain,2016,Rural,100
Bahrain,2014,Total,100
Bahrain,2014,Urban,100
Bahrain,2014,Rural,100
Bahrain,2009,Total,100
Bahrain,2009,Urban,100
Bahrain,2009,Rural,100
Bahrain,2004,Total,99
Bahrain,2004,Urban,99
Bahrain,2004,Rural,99
Bahrain,1999,Total,96
Bahrain,1999,Urban,96
Bahrain,1999,Rural,96
Bahrain,1994,Total,95
Bahrain,1994,Urban,95
Bahrain,1994,Rural,95
Bangladesh,2016,Urban,86
Bangladesh,2016,Total,85
Bangladesh,2016,Rural,84
Bangladesh,2014,Total,83
Bangladesh,2014,Rural,83
Bangladesh,2014,Urban,85
Bangladesh,2009,Rural,78
Bangladesh,2009,Urban,84
Bangladesh,2009,Total,80
Bangladesh,2004,Urban,83
Bangladesh,2004,Rural,74
Bangladesh,2004,Total,76
Bangladesh,1999,Urban,82
Bangladesh,1999,Total,72
Bangladesh,1999,Rural,69
Bangladesh,1994,Urban,81
Bangladesh,1994,Total,68
Bangladesh,1994,Rural,65
Barbados,2016,Total,100
Barbados,2016,Urban,100
Barbados,2016,Rural,100
Barbados,2014,Total,100
Barbados,2014,Urban,100
Barbados,2014,Rural,100
Barbados,2009,Total,100
Barbados,2009,Urban,100
Barbados,2009,Rural,100
Barbados,2004,Total,99
Barbados,2004,Urban,99
Barbados,2004,Rural,99
Barbados,1999,Total,97
Barbados,1999,Urban,97
Barbados,1999,Rural,97
Barbados,1994,Total,95
Barbados,1994,Urban,95
Barbados,1994,Rural,95
Belarus,2016,Total,100
Belarus,2016,Urban,100
Belarus,2016,Rural,99
Belarus,2014,Rural,99
Belarus,2014,Total,100
Belarus,2014,Urban,100
Belarus,2009,Rural,99
Belarus,2009,Total,100
Belarus,2009,Urban,100
Belarus,2004,Rural,99
Belarus,2004,Total,100
Belarus,2004,Urban,100
Belarus,1999,Total,100
Belarus,1999,Urban,100
Belarus,1999,Rural,99
Belarus,1994,Rural,99
Belarus,1994,Total,100
Belarus,1994,Urban,100
Belgium,2016,Total,100
Belgium,2016,Urban,100
Belgium,2016,Rural,100
Belgium,2014,Total,100
Belgium,2014,Urban,100
Belgium,2014,Rural,100
Belgium,2009,Total,100
Belgium,2009,Urban,100
Belgium,2009,Rural,100
Belgium,2004,Total,100
Belgium,2004,Urban,100
Belgium,2004,Rural,100
Belgium,1999,Total,100
Belgium,1999,Urban,100
Belgium,1999,Rural,100
Belgium,1994,Total,100
Belgium,1994,Urban,100
Belgium,1994,Rural,100
Belize,2016,Rural,100
Belize,2016,Total,99
Belize,2016,Urban,98
Belize,2014,Total,97
Belize,2014,Urban,97
Belize,2014,Rural,97
Belize,2009,Urban,95
Belize,2009,Rural,88
Belize,2009,Total,91
Belize,2004,Total,85
Belize,2004,Rural,78
Belize,2004,Urban,92
Belize,1999,Urban,90
Belize,1999,Rural,69
Belize,1999,Total,79
Belize,1994,Total,73
Belize,1994,Rural,60
Belize,1994,Urban,87
Benin,2016,Urban,85
Benin,2016,Rural,69
Benin,2016,Total,76
Benin,2014,Urban,84
Benin,2014,Total,75
Benin,2014,Rural,68
Benin,2009,Urban,81
Benin,2009,Total,71
Benin,2009,Rural,63
Benin,2004,Urban,78
Benin,2004,Rural,59
Benin,2004,Total,66
Benin,1999,Urban,75
Benin,1999,Rural,54
Benin,1999,Total,62
Benin,1994,Total,57
Benin,1994,Urban,72
Benin,1994,Rural,49
Bhutan,2016,Rural,97
Bhutan,2016,Total,98
Bhutan,2016,Urban,99
Bhutan,2014,Total,96
Bhutan,2014,Rural,94
Bhutan,2014,Urban,99
Bhutan,2009,Rural,87
Bhutan,2009,Total,91
Bhutan,2009,Urban,99
Bhutan,2004,Total,86
Bhutan,2004,Rural,82
Bhutan,2004,Urban,99
Bhutan,1999,Urban,99
Bhutan,1994,Urban,99
Bolivia (Plurinational State of),2016,Urban,96
Bolivia (Plurinational State of),2016,Rural,72
Bolivia (Plurinational State of),2016,Total,88
Bolivia (Plurinational State of),2014,Urban,96
Bolivia (Plurinational State of),2014,Rural,70
Bolivia (Plurinational State of),2014,Total,87
Bolivia (Plurinational State of),2009,Urban,94
Bolivia (Plurinational State of),2009,Total,83
Bolivia (Plurinational State of),2009,Rural,63
Bolivia (Plurinational State of),2004,Total,79
Bolivia (Plurinational State of),2004,Urban,93
Bolivia (Plurinational State of),2004,Rural,56
Bolivia (Plurinational State of),1999,Total,74
Bolivia (Plurinational State of),1999,Urban,92
Bolivia (Plurinational State of),1999,Rural,48
Bolivia (Plurinational State of),1994,Rural,41
Bolivia (Plurinational State of),1994,Total,69
Bolivia (Plurinational State of),1994,Urban,91
Bosnia and Herzegovina,2016,Rural,99
Bosnia and Herzegovina,2016,Total,100
Bosnia and Herzegovina,2016,Urban,100
Bosnia and Herzegovina,2014,Total,99
Bosnia and Herzegovina,2014,Rural,99
Bosnia and Herzegovina,2014,Urban,100
Bosnia and Herzegovina,2009,Urban,99
Bosnia and Herzegovina,2009,Total,98
Bosnia and Herzegovina,2009,Rural,98
Bosnia and Herzegovina,2004,Urban,99
Bosnia and Herzegovina,2004,Total,98
Bosnia and Herzegovina,2004,Rural,96
Bosnia and Herzegovina,1999,Total,97
Bosnia and Herzegovina,1999,Rural,96
Bosnia and Herzegovina,1999,Urban,99
Bosnia and Herzegovina,1994,Urban,99
Bosnia and Herzegovina,1994,Rural,96
Bosnia and Herzegovina,1994,Total,97
Botswana,2016,Total,97
Botswana,2016,Rural,93
Botswana,2016,Urban,99
Botswana,2014,Urban,99
Botswana,2014,Total,97
Botswana,2014,Rural,93
Botswana,2009,Urban,99
Botswana,2009,Rural,91
Botswana,2009,Total,96
Botswana,2004,Total,95
Botswana,2004,Urban,99
Botswana,2004,Rural,90
Botswana,1999,Urban,100
Botswana,1999,Total,94
Botswana,1999,Rural,88
Botswana,1994,Urban,100
Botswana,1994,Total,92
Botswana,1994,Rural,86
Brazil,2016,Rural,85
Brazil,2016,Total,98
Brazil,2016,Urban,100
Brazil,2014,Total,97
Brazil,2014,Urban,99
Brazil,2014,Rural,84
Brazil,2009,Total,95
Brazil,2009,Urban,98
Brazil,2009,Rural,80
Brazil,2004,Total,93
Brazil,2004,Urban,98
Brazil,2004,Rural,76
Brazil,1999,Rural,72
Brazil,1999,Total,91
Brazil,1999,Urban,97
Brazil,1994,Total,88
Brazil,1994,Rural,68
Brazil,1994,Urban,96
Bulgaria,2016,Urban,100
Bulgaria,2016,Total,99
Bulgaria,2016,Rural,99
Bulgaria,2014,Rural,99
Bulgaria,2014,Total,100
Bulgaria,2014,Urban,100
Bulgaria,2009,Rural,99
Bulgaria,2009,Total,100
Bulgaria,2009,Urban,100
Bulgaria,2004,Rural,99
Bulgaria,2004,Total,100
Bulgaria,2004,Urban,100
Bulgaria,1999,Total,100
Bulgaria,1999,Urban,100
Bulgaria,1999,Rural,100
Bulgaria,1994,Total,100
Bulgaria,1994,Urban,100
Bulgaria,1994,Rural,100
Burkina Faso,2016,Total,82
Burkina Faso,2016,Rural,76
Burkina Faso,2016,Urban,97
Burkina Faso,2014,Urban,95
Burkina Faso,2014,Rural,72
Burkina Faso,2014,Total,78
Burkina Faso,2009,Urban,90
Burkina Faso,2009,Rural,63
Burkina Faso,2009,Total,69
Burkina Faso,2004,Urban,85
Burkina Faso,2004,Total,60
Burkina Faso,2004,Rural,55
Burkina Faso,1999,Urban,79
Burkina Faso,1999,Total,51
Burkina Faso,1999,Rural,46
Burkina Faso,1994,Total,44
Burkina Faso,1994,Rural,39
Burkina Faso,1994,Urban,75
Burundi,2016,Urban,92
Burundi,2016,Rural,73
Burundi,2016,Total,75
Burundi,2014,Total,75
Burundi,2014,Rural,73
Burundi,2014,Urban,92
Burundi,2009,Urban,93
Burundi,2009,Rural,71
Burundi,2009,Total,73
Burundi,2004,Urban,94
Burundi,2004,Rural,70
Burundi,2004,Total,72
Burundi,1999,Rural,68
Burundi,1999,Total,70
Burundi,1999,Urban,95
Burundi,1994,Total,69
Burundi,1994,Rural,67
Burundi,1994,Urban,96
Cabo Verde,2016,Total,89
Cabo Verde,2016,Rural,86
Cabo Verde,2016,Urban,91
Cabo Verde,2014,Urban,90
Cabo Verde,2014,Rural,85
Cabo Verde,2014,Total,88
Cabo Verde,2009,Rural,83
Cabo Verde,2009,Urban,87
Cabo Verde,2009,Total,85
Cabo Verde,2004,Total,83
Cabo Verde,2004,Rural,81
Cabo Verde,2004,Urban,84
Cabo Verde,1999,Rural,79
Cabo Verde,1999,Urban,82
Cabo Verde,1999,Total,81
Cambodia,2016,Urban,94
Cambodia,2016,Total,71
Cambodia,2016,Rural,66
Cambodia,2014,Urban,88
Cambodia,2014,Total,66
Cambodia,2014,Rural,61
Cambodia,2009,Urban,72
Cambodia,2009,Total,54
Cambodia,2009,Rural,49
Cambodia,2004,Urban,57
Cambodia,2004,Total,42
Cambodia,2004,Rural,38
Cambodia,1999,Urban,42
Cambodia,1999,Rural,26
Cambodia,1999,Total,29
Cambodia,1994,Rural,20
Cambodia,1994,Total,22
Cambodia,1994,Urban,32
Cameroon,2016,Total,74
Cameroon,2016,Urban,94
Cameroon,2016,Rural,52
Cameroon,2014,Total,72
Cameroon,2014,Rural,50
Cameroon,2014,Urban,93
Cameroon,2009,Urban,89
Cameroon,2009,Rural,46
Cameroon,2009,Total,67
Cameroon,2004,Urban,85
Cameroon,2004,Rural,42
Cameroon,2004,Total,62
Cameroon,1999,Urban,82
Cameroon,1999,Rural,38
Cameroon,1999,Total,57
Cameroon,1994,Rural,34
Cameroon,1994,Total,51
Cameroon,1994,Urban,78
Canada,2016,Rural,99
Canada,2016,Total,100
Canada,2016,Urban,100
Canada,2014,Total,100
Canada,2014,Urban,100
Canada,2014,Rural,99
Canada,2009,Total,100
Canada,2009,Urban,100
Canada,2009,Rural,99
Canada,2004,Total,100
Canada,2004,Urban,100
Canada,2004,Rural,99
Canada,1999,Total,100
Canada,1999,Urban,100
Canada,1999,Rural,99
Canada,1994,Rural,99
Canada,1994,Total,100
Canada,1994,Urban,100
Central African Republic,2016,Urban,90
Central African Republic,2016,Rural,54
Central African Republic,2016,Total,68
Central African Republic,2014,Urban,89
Central African Republic,2014,Total,67
Central African Republic,2014,Rural,54
Central African Republic,2009,Total,65
Central African Republic,2009,Urban,86
Central African Republic,2009,Rural,52
Central African Republic,2004,Urban,84
Central African Republic,2004,Total,62
Central African Republic,2004,Rural,50
Central African Republic,1999,Urban,81
Central African Republic,1999,Total,60
Central African Republic,1999,Rural,48
Central African Republic,1994,Urban,80
Central African Republic,1994,Rural,46
Central African Republic,1994,Total,59
Chad,2016,Total,51
Chad,2016,Urban,72
Chad,2016,Rural,45
Chad,2014,Total,50
Chad,2014,Urban,70
Chad,2014,Rural,44
Chad,2009,Total,47
Chad,2009,Rural,42
Chad,2009,Urban,65
Chad,2004,Total,45
Chad,2004,Rural,41
Chad,2004,Urban,60
Chad,1999,Total,42
Chad,1999,Rural,39
Chad,1999,Urban,54
Chad,1994,Urban,49
Chad,1994,Total,40
Chad,1994,Rural,37
Chile,2016,Rural,91
Chile,2016,Urban,100
Chile,2016,Total,99
Chile,2014,Urban,100
Chile,2014,Total,98
Chile,2014,Rural,87
Chile,2009,Urban,99
Chile,2009,Total,97
Chile,2009,Rural,78
Chile,2004,Urban,99
Chile,2004,Total,95
Chile,2004,Rural,68
Chile,1999,Urban,99
Chile,1999,Total,93
Chile,1999,Rural,58
Chile,1994,Urban,99
Chile,1994,Rural,48
Chile,1994,Total,90
China,2016,Total,92
China,2016,Rural,85
China,2016,Urban,98
China,2014,Urban,98
China,2014,Rural,85
China,2014,Total,92
China,2009,Urban,98
China,2009,Total,86
China,2009,Rural,78
China,2004,Urban,98
China,2004,Total,80
China,2004,Rural,70
China,1999,Urban,97
China,1999,Rural,63
China,1999,Total,74
China,1994,Rural,56
China,1994,Total,67
China,1994,Urban,97
Colombia,2016,Rural,74
Colombia,2016,Total,91
Colombia,2016,Urban,97
Colombia,2014,Urban,97
Colombia,2014,Total,91
Colombia,2014,Rural,73
Colombia,2009,Urban,97
Colombia,2009,Total,90
Colombia,2009,Rural,72
Colombia,2004,Total,90
Colombia,2004,Urban,97
Colombia,2004,Rural,71
Colombia,1999,Rural,70
Colombia,1999,Total,89
Colombia,1999,Urban,97
Colombia,1994,Urban,97
Colombia,1994,Rural,69
Colombia,1994,Total,88
Comoros,2016,Rural,97
Comoros,2014,Rural,97
Comoros,2014,Total,95
Comoros,2014,Urban,91
Comoros,2009,Urban,91
Comoros,2009,Rural,96
Comoros,2009,Total,95
Comoros,2004,Urban,93
Comoros,2004,Total,92
Comoros,2004,Rural,92
Comoros,1999,Urban,96
Comoros,1999,Total,90
Comoros,1999,Rural,87
Comoros,1994,Total,87
Comoros,1994,Rural,83
Comoros,1994,Urban,98
Congo,2016,Rural,39
Congo,2016,Urban,96
Congo,2016,Total,75
Congo,2014,Urban,96
Congo,2014,Total,74
Congo,2014,Rural,38
Congo,2009,Urban,95
Congo,2009,Total,72
Congo,2009,Rural,35
Congo,2004,Urban,95
Congo,2004,Total,69
Congo,2004,Rural,32
Congo,1999,Urban,95
Congo,1994,Urban,95
Cook Islands,2016,Total,100
Cook Islands,2016,Urban,100
Cook Islands,2016,Rural,100
Cook Islands,2014,Urban,100
Cook Islands,2014,Rural,100
Cook Islands,2014,Total,100
Cook Islands,2009,Total,100
Cook Islands,2009,Urban,100
Cook Islands,2009,Rural,100
Cook Islands,2004,Total,100
Cook Islands,2004,Urban,100
Cook Islands,2004,Rural,100
Cook Islands,1999,Urban,100
Cook Islands,1999,Rural,100
Cook Islands,1999,Total,100
Cook Islands,1994,Total,100
Cook Islands,1994,Urban,100
Cook Islands,1994,Rural,100
Costa Rica,2016,Total,97
Costa Rica,2016,Rural,91
Costa Rica,2016,Urban,100
Costa Rica,2014,Urban,100
Costa Rica,2014,Total,96
Costa Rica,2014,Rural,91
Costa Rica,2009,Urban,99
Costa Rica,2009,Total,96
Costa Rica,2009,Rural,90
Costa Rica,2004,Urban,99
Costa Rica,2004,Total,95
Costa Rica,2004,Rural,89
Costa Rica,1999,Urban,99
Costa Rica,1999,Rural,88
Costa Rica,1999,Total,94
Costa Rica,1994,Urban,99
Costa Rica,1994,Total,93
Costa Rica,1994,Rural,87
Côte d’Ivoire,2016,Urban,92
Côte d’Ivoire,2016,Rural,68
Côte d’Ivoire,2016,Total,80
Côte d’Ivoire,2014,Urban,91
Côte d’Ivoire,2014,Total,80
Côte d’Ivoire,2014,Rural,68
Côte d’Ivoire,2009,Urban,91
Côte d’Ivoire,2009,Total,79
Côte d’Ivoire,2009,Rural,67
Côte d’Ivoire,2004,Urban,91
Côte d’Ivoire,2004,Total,78
Côte d’Ivoire,2004,Rural,67
Côte d’Ivoire,1999,Urban,91
Côte d’Ivoire,1999,Rural,67
Côte d’Ivoire,1999,Total,77
Côte d’Ivoire,1994,Total,76
Côte d’Ivoire,1994,Urban,90
Côte d’Ivoire,1994,Rural,67
Croatia,2016,Rural,97
Croatia,2016,Total,99
Croatia,2016,Urban,100
Croatia,2014,Rural,97
Croatia,2014,Total,99
Croatia,2014,Urban,100
Croatia,2009,Rural,97
Croatia,2009,Total,99
Croatia,2009,Urban,100
Croatia,2004,Rural,97
Croatia,2004,Total,98
Croatia,2004,Urban,100
Croatia,1999,Rural,97
Croatia,1999,Total,98
Croatia,1999,Urban,100
Croatia,1994,Total,98
Croatia,1994,Rural,97
Croatia,1994,Urban,100
Cuba,2016,Urban,96
Cuba,2016,Total,94
Cuba,2016,Rural,87
Cuba,2014,Urban,96
Cuba,2014,Rural,86
Cuba,2014,Total,93
Cuba,2009,Urban,96
Cuba,2009,Total,92
Cuba,2009,Rural,81
Cuba,2004,Urban,95
Cuba,2004,Rural,77
Cuba,2004,Total,91
Cuba,1999,Total,90
Cuba,1999,Urban,94
Cuba,1999,Rural,76
Cuba,1994,Urban,94
Cyprus,2016,Total,100
Cyprus,2016,Urban,100
Cyprus,2016,Rural,100
Cyprus,2014,Total,100
Cyprus,2014,Urban,100
Cyprus,2014,Rural,100
Cyprus,2009,Total,100
Cyprus,2009,Urban,100
Cyprus,2009,Rural,100
Cyprus,2004,Total,100
Cyprus,2004,Urban,100
Cyprus,2004,Rural,100
Cyprus,1999,Total,100
Cyprus,1999,Urban,100
Cyprus,1999,Rural,100
Cyprus,1994,Total,100
Cyprus,1994,Urban,100
Cyprus,1994,Rural,100
Czech Republic,2016,Total,100
Czech Republic,2016,Urban,100
Czech Republic,2016,Rural,100
Czech Republic,2014,Total,100
Czech Republic,2014,Urban,100
Czech Republic,2014,Rural,100
Czech Republic,2009,Total,100
Czech Republic,2009,Urban,100
Czech Republic,2009,Rural,100
Czech Republic,2004,Total,100
Czech Republic,2004,Urban,100
Czech Republic,2004,Rural,100
Czech Republic,1999,Total,100
Czech Republic,1999,Urban,100
Czech Republic,1999,Rural,100
Czech Republic,1994,Total,100
Czech Republic,1994,Urban,100
Czech Republic,1994,Rural,100
Democratic People's Republic of Korea,2016,Rural,97
Democratic People's Republic of Korea,2016,Urban,99
Democratic People's Republic of Korea,2016,Total,98
Democratic People's Republic of Korea,2014,Rural,97
Democratic People's Republic of Korea,2014,Urban,99
Democratic People's Republic of Korea,2014,Total,98
Democratic People's Republic of Korea,2009,Total,99
Democratic People's Republic of Korea,2009,Urban,99
Democratic People's Republic of Korea,2009,Rural,98
Democratic People's Republic of Korea,2004,Total,100
Democratic People's Republic of Korea,2004,Urban,100
Democratic People's Republic of Korea,2004,Rural,99
Democratic People's Republic of Korea,1999,Total,100
Democratic People's Republic of Korea,1999,Urban,100
Democratic People's Republic of Korea,1999,Rural,100
Democratic People's Republic of Korea,1994,Total,100
Democratic People's Republic of Korea,1994,Urban,100
Democratic People's Republic of Korea,1994,Rural,100
Democratic Republic of the Congo,2016,Total,46
Democratic Republic of the Congo,2016,Rural,29
Democratic Republic of the Congo,2016,Urban,79
Democratic Republic of the Congo,2014,Urban,80
Democratic Republic of the Congo,2014,Rural,29
Democratic Republic of the Congo,2014,Total,46
Democratic Republic of the Congo,2009,Rural,28
Democratic Republic of the Congo,2009,Total,45
Democratic Republic of the Congo,2009,Urban,83
Democratic Republic of the Congo,2004,Urban,85
Democratic Republic of the Congo,2004,Rural,27
Democratic Republic of the Congo,2004,Total,44
Democratic Republic of the Congo,1999,Urban,88
Democratic Republic of the Congo,1999,Rural,26
Democratic Republic of the Congo,1999,Total,43
Democratic Republic of the Congo,1994,Urban,88
Democratic Republic of the Congo,1994,Total,43
Democratic Republic of the Congo,1994,Rural,26
Denmark,2016,Total,100
Denmark,2016,Urban,100
Denmark,2016,Rural,100
Denmark,2014,Total,100
Denmark,2014,Urban,100
Denmark,2014,Rural,100
Denmark,2009,Total,100
Denmark,2009,Urban,100
Denmark,2009,Rural,100
Denmark,2004,Total,100
Denmark,2004,Urban,100
Denmark,2004,Rural,100
Denmark,1999,Total,100
Denmark,1999,Urban,100
Denmark,1999,Rural,100
Denmark,1994,Total,100
Denmark,1994,Urban,100
Denmark,1994,Rural,100
Djibouti,2016,Rural,65
Djibouti,2016,Total,92
Djibouti,2016,Urban,100
Djibouti,2014,Urban,100
Djibouti,2014,Rural,65
Djibouti,2014,Total,92
Djibouti,2009,Urban,94
Djibouti,2009,Total,87
Djibouti,2009,Rural,64
Djibouti,2004,Total,82
Djibouti,2004,Urban,89
Djibouti,2004,Rural,62
Djibouti,1999,Total,78
Djibouti,1999,Urban,83
Djibouti,1999,Rural,61
Djibouti,1994,Rural,60
Djibouti,1994,Urban,82
Djibouti,1994,Total,77
Dominica,2016,Urban,96
Dominica,2014,Urban,96
Dominica,2009,Urban,96
Dominica,2009,Rural,92
Dominica,2009,Total,94
Dominica,2004,Rural,92
Dominica,2004,Total,94
Dominica,2004,Urban,96
Dominica,1999,Total,94
Dominica,1999,Rural,92
Dominica,1999,Urban,96
Dominica,1994,Urban,96
Dominican Republic,2016,Rural,77
Dominican Republic,2016,Total,81
Dominican Republic,2016,Urban,82
Dominican Republic,2014,Total,82
Dominican Republic,2014,Urban,84
Dominican Republic,2014,Rural,77
Dominican Republic,2009,Rural,77
Dominican Republic,2009,Urban,87
Dominican Republic,2009,Total,84
Dominican Republic,2004,Urban,91
Dominican Republic,2004,Total,86
Dominican Republic,2004,Rural,77
Dominican Republic,1999,Urban,95
Dominican Republic,1999,Total,87
Dominican Republic,1999,Rural,77
Dominican Republic,1994,Urban,98
Dominican Republic,1994,Rural,77
Dominican Republic,1994,Total,89
Ecuador,2016,Total,86
Ecuador,2016,Rural,75
Ecuador,2016,Urban,92
Ecuador,2014,Rural,74
Ecuador,2014,Total,85
Ecuador,2014,Urban,91
Ecuador,2009,Urban,89
Ecuador,2009,Total,83
Ecuador,2009,Rural,71
Ecuador,2004,Total,80
Ecuador,2004,Urban,88
Ecuador,2004,Rural,68
Ecuador,1999,Total,77
Ecuador,1999,Rural,64
Ecuador,1999,Urban,86
Ecuador,1994,Total,74
Ecuador,1994,Urban,84
Ecuador,1994,Rural,61
Egypt,2016,Urban,100
Egypt,2016,Total,99
Egypt,2016,Rural,99
Egypt,2014,Total,99
Egypt,2014,Rural,99
Egypt,2014,Urban,100
Egypt,2009,Rural,97
Egypt,2009,Total,98
Egypt,2009,Urban,99
Egypt,2004,Total,96
Egypt,2004,Rural,95
Egypt,2004,Urban,98
Egypt,1999,Total,95
Egypt,1999,Urban,97
Egypt,1999,Rural,92
Egypt,1994,Rural,90
Egypt,1994,Total,93
Egypt,1994,Urban,96
El Salvador,2016,Total,90
El Salvador,2016,Urban,95
El Salvador,2016,Rural,81
El Salvador,2014,Urban,95
El Salvador,2014,Total,90
El Salvador,2014,Rural,81
El Salvador,2009,Urban,94
El Salvador,2009,Rural,75
El Salvador,2009,Total,87
El Salvador,2004,Urban,93
El Salvador,2004,Total,84
El Salvador,2004,Rural,70
El Salvador,1999,Urban,92
El Salvador,1999,Total,79
El Salvador,1999,Rural,64
El Salvador,1994,Urban,91
El Salvador,1994,Total,75
El Salvador,1994,Rural,59
Equatorial Guinea,2009,Urban,66
Equatorial Guinea,2009,Rural,42
Equatorial Guinea,2009,Total,51
Equatorial Guinea,2004,Urban,66
Equatorial Guinea,2004,Rural,42
Equatorial Guinea,2004,Total,51
Equatorial Guinea,1999,Urban,66
Equatorial Guinea,1999,Rural,42
Equatorial Guinea,1999,Total,51
Eritrea,2009,Rural,57
Eritrea,2009,Total,60
Eritrea,2009,Urban,74
Eritrea,2004,Rural,50
Eritrea,2004,Total,54
Eritrea,2004,Urban,70
Eritrea,1999,Urban,64
Eritrea,1999,Total,46
Eritrea,1999,Rural,42
Eritrea,1994,Urban,62
Eritrea,1994,Total,43
Eritrea,1994,Rural,39
Estonia,2016,Total,99
Estonia,2016,Rural,98
Estonia,2016,Urban,100
Estonia,2014,Rural,98
Estonia,2014,Total,99
Estonia,2014,Urban,100
Estonia,2009,Rural,98
Estonia,2009,Urban,100
Estonia,2009,Total,99
Estonia,2004,Urban,100
Estonia,2004,Rural,98
Estonia,2004,Total,99
Estonia,1999,Urban,100
Estonia,1999,Rural,98
Estonia,1999,Total,99
Estonia,1994,Rural,98
Estonia,1994,Urban,100
Estonia,1994,Total,99
Ethiopia,2016,Rural,42
Ethiopia,2016,Total,52
Ethiopia,2016,Urban,97
Ethiopia,2014,Urban,95
Ethiopia,2014,Total,48
Ethiopia,2014,Rural,38
Ethiopia,2009,Urban,91
Ethiopia,2009,Total,38
Ethiopia,2009,Rural,29
Ethiopia,2004,Urban,87
Ethiopia,2004,Rural,19
Ethiopia,2004,Total,29
Ethiopia,1999,Urban,83
Ethiopia,1999,Rural,9
Ethiopia,1999,Total,19
Ethiopia,1994,Rural,3
Ethiopia,1994,Total,13
Ethiopia,1994,Urban,81
Fiji,2016,Total,96
Fiji,2016,Rural,92
Fiji,2016,Urban,100
Fiji,2014,Total,96
Fiji,2014,Urban,100
Fiji,2014,Rural,92
Fiji,2009,Rural,89
Fiji,2009,Total,94
Fiji,2009,Urban,99
Fiji,2004,Rural,86
Fiji,2004,Total,91
Fiji,2004,Urban,97
Fiji,1999,Rural,82
Fiji,1999,Total,88
Fiji,1999,Urban,95
Fiji,1994,Rural,79
Fiji,1994,Total,85
Fiji,1994,Urban,94
Finland,2016,Total,100
Finland,2016,Urban,100
Finland,2016,Rural,100
Finland,2014,Total,100
Finland,2014,Urban,100
Finland,2014,Rural,100
Finland,2009,Total,100
Finland,2009,Urban,100
Finland,2009,Rural,100
Finland,2004,Total,100
Finland,2004,Urban,100
Finland,2004,Rural,100
Finland,1999,Total,100
Finland,1999,Urban,100
Finland,1999,Rural,100
Finland,1994,Total,100
Finland,1994,Urban,100
Finland,1994,Rural,100
France,2016,Total,100
France,2016,Urban,100
France,2016,Rural,100
France,2014,Total,100
France,2014,Urban,100
France,2014,Rural,100
France,2009,Total,100
France,2009,Urban,100
France,2009,Rural,100
France,2004,Total,100
France,2004,Urban,100
France,2004,Rural,100
France,1999,Total,100
France,1999,Urban,100
France,1999,Rural,100
France,1994,Total,100
France,1994,Urban,100
France,1994,Rural,100
Gabon,2016,Total,92
Gabon,2016,Urban,97
Gabon,2016,Rural,63
Gabon,2014,Urban,96
Gabon,2014,Total,91
Gabon,2014,Rural,59
Gabon,2009,Urban,95
Gabon,2009,Rural,50
Gabon,2009,Total,88
Gabon,2004,Urban,94
Gabon,2004,Total,84
Gabon,2004,Rural,41
Gabon,1999,Urban,94
Gabon,1999,Total,80
Gabon,1999,Rural,37
Gambia,2016,Rural,84
Gambia,2016,Total,90
Gambia,2016,Urban,94
Gambia,2014,Total,89
Gambia,2014,Urban,93
Gambia,2014,Rural,83
Gambia,2009,Urban,92
Gambia,2009,Total,86
Gambia,2009,Rural,80
Gambia,2004,Total,83
Gambia,2004,Urban,90
Gambia,2004,Rural,76
Gambia,1999,Total,79
Gambia,1999,Urban,88
Gambia,1999,Rural,73
Gambia,1994,Urban,86
Gambia,1994,Total,76
Gambia,1994,Rural,70
Georgia,2016,Rural,97
Georgia,2016,Total,99
Georgia,2016,Urban,100
Georgia,2014,Total,97
Georgia,2014,Urban,100
Georgia,2014,Rural,94
Georgia,2009,Total,93
Georgia,2009,Urban,98
Georgia,2009,Rural,87
Georgia,2004,Total,89
Georgia,2004,Rural,81
Georgia,2004,Urban,97
Georgia,1999,Rural,74
Georgia,1999,Total,85
Georgia,1999,Urban,96
Georgia,1994,Rural,72
Georgia,1994,Total,85
Georgia,1994,Urban,95
Germany,2016,Total,100
Germany,2016,Urban,100
Germany,2016,Rural,100
Germany,2014,Total,100
Germany,2014,Urban,100
Germany,2014,Rural,100
Germany,2009,Total,100
Germany,2009,Urban,100
Germany,2009,Rural,100
Germany,2004,Total,100
Germany,2004,Urban,100
Germany,2004,Rural,100
Germany,1999,Total,100
Germany,1999,Urban,100
Germany,1999,Rural,100
Germany,1994,Total,100
Germany,1994,Urban,100
Germany,1994,Rural,100
Ghana,2016,Urban,93
Ghana,2016,Rural,81
Ghana,2016,Total,87
Ghana,2014,Urban,92
Ghana,2014,Total,85
Ghana,2014,Rural,77
Ghana,2009,Urban,90
Ghana,2009,Total,78
Ghana,2009,Rural,67
Ghana,2004,Urban,88
Ghana,2004,Total,71
Ghana,2004,Rural,57
Ghana,1999,Urban,86
Ghana,1999,Rural,48
Ghana,1999,Total,63
Ghana,1994,Urban,84
Ghana,1994,Total,54
Ghana,1994,Rural,38
Greece,2016,Rural,99
Greece,2016,Total,100
Greece,2016,Urban,100
Greece,2014,Rural,99
Greece,2014,Total,100
Greece,2014,Urban,100
Greece,2009,Rural,99
Greece,2009,Total,100
Greece,2009,Urban,100
Greece,2004,Total,99
Greece,2004,Rural,98
Greece,2004,Urban,100
Greece,1999,Rural,95
Greece,1999,Total,98
Greece,1999,Urban,100
Greece,1994,Rural,92
Greece,1994,Urban,99
Greece,1994,Total,96
Grenada,2016,Rural,95
Grenada,2016,Total,97
Grenada,2016,Urban,99
Grenada,2014,Total,97
Grenada,2014,Rural,95
Grenada,2014,Urban,99
Grenada,2009,Urban,99
Grenada,2009,Rural,95
Grenada,2009,Total,97
Grenada,2004,Urban,99
Grenada,2004,Total,97
Grenada,2004,Rural,95
Grenada,1999,Urban,99
Grenada,1999,Rural,95
Grenada,1999,Total,97
Grenada,1994,Total,97
Grenada,1994,Rural,95
Grenada,1994,Urban,99
Guatemala,2016,Total,94
Guatemala,2016,Rural,89
Guatemala,2016,Urban,99
Guatemala,2014,Urban,99
Guatemala,2014,Rural,88
Guatemala,2014,Total,93
Guatemala,2009,Urban,97
Guatemala,2009,Total,90
Guatemala,2009,Rural,85
Guatemala,2004,Urban,95
Guatemala,2004,Rural,81
Guatemala,2004,Total,87
Guatemala,1999,Urban,93
Guatemala,1999,Rural,78
Guatemala,1999,Total,84
Guatemala,1994,Urban,91
Guatemala,1994,Rural,74
Guatemala,1994,Total,81
Guinea,2016,Rural,65
Guinea,2016,Total,75
Guinea,2016,Urban,92
Guinea,2014,Urban,92
Guinea,2014,Total,73
Guinea,2014,Rural,63
Guinea,2009,Urban,90
Guinea,2009,Total,68
Guinea,2009,Rural,57
Guinea,2004,Urban,89
Guinea,2004,Rural,51
Guinea,2004,Total,63
Guinea,1999,Urban,88
Guinea,1999,Total,58
Guinea,1999,Rural,45
Guinea,1994,Urban,86
Guinea,1994,Rural,39
Guinea,1994,Total,52
Guinea-Bissau,2016,Urban,96
Guinea-Bissau,2016,Total,74
Guinea-Bissau,2016,Rural,56
Guinea-Bissau,2014,Rural,53
Guinea-Bissau,2014,Total,70
Guinea-Bissau,2014,Urban,91
Guinea-Bissau,2009,Rural,48
Guinea-Bissau,2009,Total,61
Guinea-Bissau,2009,Urban,80
Guinea-Bissau,2004,Urban,68
Guinea-Bissau,2004,Total,52
Guinea-Bissau,2004,Rural,43
Guinea-Bissau,1999,Total,44
Guinea-Bissau,1999,Urban,56
Guinea-Bissau,1999,Rural,38
Guinea-Bissau,1994,Urban,45
Guinea-Bissau,1994,Rural,32
Guinea-Bissau,1994,Total,36
Guyana,2016,Urban,97
Guyana,2016,Total,98
Guyana,2016,Rural,98
Guyana,2014,Urban,96
Guyana,2014,Total,97
Guyana,2014,Rural,97
Guyana,2009,Rural,90
Guyana,2009,Total,91
Guyana,2009,Urban,96
Guyana,2004,Total,86
Guyana,2004,Rural,83
Guyana,2004,Urban,95
Guyana,1999,Total,81
Guyana,1999,Rural,76
Guyana,1999,Urban,94
Guyana,1994,Rural,70
Guyana,1994,Total,77
Guyana,1994,Urban,93
Haiti,2016,Rural,47
Haiti,2016,Total,62
Haiti,2016,Urban,75
Haiti,2014,Urban,76
Haiti,2014,Total,62
Haiti,2014,Rural,48
Haiti,2009,Urban,79
Haiti,2009,Total,62
Haiti,2009,Rural,49
Haiti,2004,Urban,82
Haiti,2004,Rural,49
Haiti,2004,Total,61
Haiti,1999,Total,61
Haiti,1999,Urban,85
Haiti,1999,Rural,50
Haiti,1994,Urban,87
Haiti,1994,Total,61
Haiti,1994,Rural,50
Honduras,2016,Rural,82
Honduras,2016,Urban,97
Honduras,2016,Total,90
Honduras,2014,Urban,96
Honduras,2014,Total,88
Honduras,2014,Rural,80
Honduras,2009,Urban,95
Honduras,2009,Rural,75
Honduras,2009,Total,85
Honduras,2004,Total,81
Honduras,2004,Urban,94
Honduras,2004,Rural,70
Honduras,1999,Rural,65
Honduras,1999,Total,77
Honduras,1999,Urban,93
Honduras,1994,Rural,60
Honduras,1994,Total,73
Honduras,1994,Urban,92
Hungary,2016,Total,100
Hungary,2016,Urban,100
Hungary,2016,Rural,100
Hungary,2014,Total,100
Hungary,2014,Urban,100
Hungary,2014,Rural,100
Hungary,2009,Total,100
Hungary,2009,Urban,100
Hungary,2009,Rural,100
Hungary,2004,Rural,98
Hungary,2004,Total,99
Hungary,2004,Urban,100
Hungary,1999,Rural,94
Hungary,1999,Total,97
Hungary,1999,Urban,99
Hungary,1994,Rural,91
Hungary,1994,Urban,98
Hungary,1994,Total,96
Iceland,2016,Total,100
Iceland,2016,Urban,100
Iceland,2016,Rural,100
Iceland,2014,Total,100
Iceland,2014,Urban,100
Iceland,2014,Rural,100
Iceland,2009,Total,100
Iceland,2009,Urban,100
Iceland,2009,Rural,100
Iceland,2004,Total,100
Iceland,2004,Urban,100
Iceland,2004,Rural,100
Iceland,1999,Total,100
Iceland,1999,Urban,100
Iceland,1999,Rural,100
Iceland,1994,Total,100
Iceland,1994,Urban,100
Iceland,1994,Rural,100
India,2016,Rural,91
India,2016,Total,93
India,2016,Urban,97
India,2014,Urban,96
India,2014,Rural,88
India,2014,Total,91
India,2009,Urban,94
India,2009,Total,86
India,2009,Rural,82
India,2004,Total,81
India,2004,Urban,92
India,2004,Rural,76
India,1999,Urban,91
India,1999,Total,76
India,1999,Rural,70
India,1994,Urban,89
India,1994,Total,70
India,1994,Rural,64
Indonesia,2016,Urban,93
Indonesia,2016,Total,85
Indonesia,2016,Rural,76
Indonesia,2014,Urban,93
Indonesia,2014,Total,84
Indonesia,2014,Rural,75
Indonesia,2009,Urban,92
Indonesia,2009,Total,81
Indonesia,2009,Rural,71
Indonesia,2004,Urban,91
Indonesia,2004,Total,78
Indonesia,2004,Rural,68
Indonesia,1999,Rural,64
Indonesia,1999,Total,74
Indonesia,1999,Urban,90
Indonesia,1994,Total,70
Indonesia,1994,Rural,61
Indonesia,1994,Urban,90
Iran (Islamic Republic of),2016,Rural,92
Iran (Islamic Republic of),2016,Total,96
Iran (Islamic Republic of),2016,Urban,98
Iran (Islamic Republic of),2014,Total,96
Iran (Islamic Republic of),2014,Urban,98
Iran (Islamic Republic of),2014,Rural,91
Iran (Islamic Republic of),2009,Rural,89
Iran (Islamic Republic of),2009,Total,95
Iran (Islamic Republic of),2009,Urban,98
Iran (Islamic Republic of),2004,Rural,87
Iran (Islamic Republic of),2004,Urban,98
Iran (Islamic Republic of),2004,Total,94
Iran (Islamic Republic of),1999,Total,93
Iran (Islamic Republic of),1999,Rural,85
Iran (Islamic Republic of),1999,Urban,99
Iran (Islamic Republic of),1994,Total,92
Iran (Islamic Republic of),1994,Rural,84
Iran (Islamic Republic of),1994,Urban,99
Iraq,2016,Urban,94
Iraq,2016,Rural,69
Iraq,2016,Total,85
Iraq,2014,Urban,94
Iraq,2014,Total,84
Iraq,2014,Rural,65
Iraq,2009,Urban,94
Iraq,2009,Total,82
Iraq,2009,Rural,57
Iraq,2004,Urban,95
Iraq,2004,Total,80
Iraq,2004,Rural,49
Iraq,1999,Total,78
Iraq,1999,Urban,95
Iraq,1999,Rural,41
Iraq,1994,Urban,95
Iraq,1994,Total,78
Iraq,1994,Rural,39
Ireland,2016,Total,100
Ireland,2016,Urban,100
Ireland,2016,Rural,100
Ireland,2014,Total,100
Ireland,2014,Urban,100
Ireland,2014,Rural,100
Ireland,2009,Total,100
Ireland,2009,Urban,100
Ireland,2009,Rural,100
Ireland,2004,Total,100
Ireland,2004,Urban,100
Ireland,2004,Rural,100
Ireland,1999,Total,100
Ireland,1999,Urban,100
Ireland,1999,Rural,100
Ireland,1994,Total,100
Ireland,1994,Urban,100
Ireland,1994,Rural,100
Israel,2016,Total,100
Israel,2016,Urban,100
Israel,2016,Rural,100
Israel,2014,Total,100
Israel,2014,Urban,100
Israel,2014,Rural,100
Israel,2009,Total,100
Israel,2009,Urban,100
Israel,2009,Rural,100
Israel,2004,Total,100
Israel,2004,Urban,100
Israel,2004,Rural,100
Israel,1999,Total,100
Israel,1999,Urban,100
Israel,1999,Rural,100
Israel,1994,Total,100
Israel,1994,Urban,100
Israel,1994,Rural,100
Italy,2016,Total,100
Italy,2016,Urban,100
Italy,2016,Rural,100
Italy,2014,Total,100
Italy,2014,Urban,100
Italy,2014,Rural,100
Italy,2009,Total,100
Italy,2009,Urban,100
Italy,2009,Rural,100
Italy,2004,Total,100
Italy,2004,Urban,100
Italy,2004,Rural,100
Italy,1999,Total,100
Italy,1999,Urban,100
Italy,1999,Rural,100
Italy,1994,Total,100
Italy,1994,Urban,100
Italy,1994,Rural,100
Jamaica,2016,Rural,89
Jamaica,2016,Total,93
Jamaica,2016,Urban,97
Jamaica,2014,Urban,97
Jamaica,2014,Total,93
Jamaica,2014,Rural,89
Jamaica,2009,Urban,97
Jamaica,2009,Rural,89
Jamaica,2009,Total,93
Jamaica,2004,Rural,89
Jamaica,2004,Total,93
Jamaica,2004,Urban,98
Jamaica,1999,Urban,98
Jamaica,1999,Total,93
Jamaica,1999,Rural,89
Jamaica,1994,Urban,98
Jamaica,1994,Total,93
Jamaica,1994,Rural,89
Japan,2016,Total,100
Japan,2016,Urban,100
Japan,2016,Rural,100
Japan,2014,Total,100
Japan,2014,Urban,100
Japan,2014,Rural,100
Japan,2009,Total,100
Japan,2009,Urban,100
Japan,2009,Rural,100
Japan,2004,Total,100
Japan,2004,Urban,100
Japan,2004,Rural,100
Japan,1999,Total,100
Japan,1999,Urban,100
Japan,1999,Rural,100
Japan,1994,Total,100
Japan,1994,Urban,100
Japan,1994,Rural,100
Jordan,2016,Urban,97
Jordan,2016,Total,96
Jordan,2016,Rural,90
Jordan,2014,Urban,97
Jordan,2014,Total,96
Jordan,2014,Rural,91
Jordan,2009,Rural,91
Jordan,2009,Total,96
Jordan,2009,Urban,98
Jordan,2004,Urban,98
Jordan,2004,Total,97
Jordan,2004,Rural,91
Jordan,1999,Rural,91
Jordan,1999,Urban,98
Jordan,1999,Total,97
Jordan,1994,Urban,99
Jordan,1994,Total,97
Jordan,1994,Rural,91
Kazakhstan,2016,Total,93
Kazakhstan,2016,Rural,86
Kazakhstan,2016,Urban,99
Kazakhstan,2014,Urban,99
Kazakhstan,2014,Total,93
Kazakhstan,2014,Rural,86
Kazakhstan,2009,Urban,99
Kazakhstan,2009,Total,94
Kazakhstan,2009,Rural,87
Kazakhstan,2004,Rural,88
Kazakhstan,2004,Total,94
Kazakhstan,2004,Urban,98
Kazakhstan,1999,Rural,89
Kazakhstan,1999,Total,94
Kazakhstan,1999,Urban,98
Kazakhstan,1994,Rural,90
Kazakhstan,1994,Total,94
Kazakhstan,1994,Urban,97
Kenya,2016,Urban,82
Kenya,2016,Total,62
Kenya,2016,Rural,55
Kenya,2014,Urban,83
Kenya,2014,Rural,53
Kenya,2014,Total,60
Kenya,2009,Urban,85
Kenya,2009,Total,56
Kenya,2009,Rural,48
Kenya,2004,Urban,87
Kenya,2004,Total,52
Kenya,2004,Rural,43
Kenya,1999,Urban,90
Kenya,1999,Rural,38
Kenya,1999,Total,47
Kenya,1994,Urban,92
Kenya,1994,Total,43
Kenya,1994,Rural,33
Kiribati,2016,Rural,51
Kiribati,2016,Total,67
Kiribati,2016,Urban,87
Kiribati,2014,Total,65
Kiribati,2014,Rural,49
Kiribati,2014,Urban,86
Kiribati,2009,Rural,46
Kiribati,2009,Urban,83
Kiribati,2009,Total,62
Kiribati,2004,Urban,80
Kiribati,2004,Rural,43
Kiribati,2004,Total,59
Kiribati,1999,Urban,77
Kiribati,1999,Rural,39
Kiribati,1999,Total,53
Kiribati,1994,Rural,36
Kiribati,1994,Total,50
Kiribati,1994,Urban,74
Kuwait,2016,Total,99
Kuwait,2016,Urban,99
Kuwait,2016,Rural,99
Kuwait,2014,Total,99
Kuwait,2014,Urban,99
Kuwait,2014,Rural,99
Kuwait,2009,Total,99
Kuwait,2009,Urban,99
Kuwait,2009,Rural,99
Kuwait,2004,Total,99
Kuwait,2004,Urban,99
Kuwait,2004,Rural,99
Kuwait,1999,Total,99
Kuwait,1999,Urban,99
Kuwait,1999,Rural,99
Kuwait,1994,Total,99
Kuwait,1994,Urban,99
Kuwait,1994,Rural,99
Kyrgyzstan,2016,Total,88
Kyrgyzstan,2016,Rural,82
Kyrgyzstan,2016,Urban,97
Kyrgyzstan,2014,Urban,97
Kyrgyzstan,2014,Total,88
Kyrgyzstan,2014,Rural,82
Kyrgyzstan,2009,Urban,97
Kyrgyzstan,2009,Rural,77
Kyrgyzstan,2009,Total,84
Kyrgyzstan,2004,Urban,96
Kyrgyzstan,2004,Total,79
Kyrgyzstan,2004,Rural,69
Kyrgyzstan,1999,Total,74
Kyrgyzstan,1999,Urban,96
Kyrgyzstan,1999,Rural,61
Kyrgyzstan,1994,Urban,96
Kyrgyzstan,1994,Rural,59
Kyrgyzstan,1994,Total,73
Lao People's Democratic Republic,2016,Urban,84
Lao People's Democratic Republic,2016,Total,72
Lao People's Democratic Republic,2016,Rural,65
Lao People's Democratic Republic,2014,Urban,82
Lao People's Democratic Republic,2014,Rural,60
Lao People's Democratic Republic,2014,Total,67
Lao People's Democratic Republic,2009,Urban,77
Lao People's Democratic Republic,2009,Rural,49
Lao People's Democratic Republic,2009,Total,57
Lao People's Democratic Republic,2004,Urban,72
Lao People's Democratic Republic,2004,Total,45
Lao People's Democratic Republic,2004,Rural,38
Lao People's Democratic Republic,1999,Urban,70
Lao People's Democratic Republic,1999,Total,40
Lao People's Democratic Republic,1999,Rural,33
Latvia,2016,Rural,96
Latvia,2016,Total,98
Latvia,2016,Urban,100
Latvia,2014,Rural,96
Latvia,2014,Total,98
Latvia,2014,Urban,100
Latvia,2009,Urban,100
Latvia,2009,Rural,96
Latvia,2009,Total,98
Latvia,2004,Urban,100
Latvia,2004,Rural,96
Latvia,2004,Total,98
Latvia,1999,Rural,96
Latvia,1999,Total,98
Latvia,1999,Urban,100
Latvia,1994,Urban,100
Latvia,1994,Rural,96
Latvia,1994,Total,98
Lebanon,2016,Total,100
Lebanon,2016,Urban,100
Lebanon,2016,Rural,100
Lebanon,2014,Total,100
Lebanon,2014,Urban,100
Lebanon,2014,Rural,100
Lebanon,2009,Total,100
Lebanon,2009,Urban,100
Lebanon,2009,Rural,100
Lebanon,2004,Total,100
Lebanon,2004,Urban,100
Lebanon,2004,Rural,100
Lebanon,1999,Total,100
Lebanon,1999,Urban,100
Lebanon,1999,Rural,100
Lebanon,1994,Total,100
Lebanon,1994,Urban,100
Lebanon,1994,Rural,100
Lesotho,2016,Urban,93
Lesotho,2016,Rural,77
Lesotho,2016,Total,81
Lesotho,2014,Rural,76
Lesotho,2014,Total,81
Lesotho,2014,Urban,93
Lesotho,2009,Urban,93
Lesotho,2009,Total,80
Lesotho,2009,Rural,76
Lesotho,2004,Total,79
Lesotho,2004,Urban,93
Lesotho,2004,Rural,76
Lesotho,1999,Urban,93
Lesotho,1999,Rural,75
Lesotho,1999,Total,78
Lesotho,1994,Rural,75
Lesotho,1994,Total,78
Lesotho,1994,Urban,93
Liberia,2016,Urban,87
Liberia,2016,Total,75
Liberia,2016,Rural,63
Liberia,2014,Urban,85
Liberia,2014,Total,72
Liberia,2014,Rural,61
Liberia,2009,Urban,80
Liberia,2009,Total,67
Liberia,2009,Rural,55
Liberia,2004,Urban,76
Liberia,2004,Total,61
Liberia,2004,Rural,50
Liberia,1999,Urban,74
Liberia,1999,Rural,47
Liberia,1999,Total,59
Libya,2004,Total,54
Libya,2004,Urban,54
Libya,2004,Rural,55
Libya,1999,Total,54
Libya,1999,Urban,54
Libya,1999,Rural,55
Libya,1994,Total,54
Libya,1994,Urban,54
Libya,1994,Rural,55
Lithuania,2016,Rural,89
Lithuania,2016,Total,96
Lithuania,2016,Urban,99
Lithuania,2014,Urban,99
Lithuania,2014,Total,95
Lithuania,2014,Rural,87
Lithuania,2009,Total,93
Lithuania,2009,Urban,98
Lithuania,2009,Rural,84
Lithuania,2004,Total,91
Lithuania,2004,Rural,80
Lithuania,2004,Urban,97
Lithuania,1999,Rural,76
Lithuania,1999,Total,89
Lithuania,1999,Urban,95
Lithuania,1994,Rural,72
Lithuania,1994,Urban,94
Lithuania,1994,Total,87
Luxembourg,2016,Total,100
Luxembourg,2016,Urban,100
Luxembourg,2016,Rural,100
Luxembourg,2014,Total,100
Luxembourg,2014,Urban,100
Luxembourg,2014,Rural,100
Luxembourg,2009,Total,100
Luxembourg,2009,Urban,100
Luxembourg,2009,Rural,100
Luxembourg,2004,Total,100
Luxembourg,2004,Urban,100
Luxembourg,2004,Rural,100
Luxembourg,1999,Total,100
Luxembourg,1999,Urban,100
Luxembourg,1999,Rural,100
Luxembourg,1994,Total,100
Luxembourg,1994,Urban,100
Luxembourg,1994,Rural,100
Madagascar,2016,Total,50
Madagascar,2016,Rural,35
Madagascar,2016,Urban,78
Madagascar,2014,Urban,78
Madagascar,2014,Rural,34
Madagascar,2014,Total,48
Madagascar,2009,Rural,29
Madagascar,2009,Total,43
Madagascar,2009,Urban,76
Madagascar,2004,Rural,24
Madagascar,2004,Total,38
Madagascar,2004,Urban,75
Madagascar,1999,Urban,74
Madagascar,1999,Total,34
Madagascar,1999,Rural,20
Madagascar,1994,Urban,73
Madagascar,1994,Total,29
Madagascar,1994,Rural,15
Malawi,2016,Total,85
Malawi,2016,Rural,83
Malawi,2016,Urban,95
Malawi,2014,Total,81
Malawi,2014,Rural,79
Malawi,2014,Urban,94
Malawi,2009,Urban,94
Malawi,2009,Total,72
Malawi,2009,Rural,68
Malawi,2004,Urban,93
Malawi,2004,Total,62
Malawi,2004,Rural,57
Malawi,1999,Urban,92
Malawi,1999,Total,53
Malawi,1999,Rural,46
Malawi,1994,Rural,36
Malawi,1994,Total,42
Malawi,1994,Urban,92
Malaysia,2016,Total,100
Malaysia,2016,Urban,100
Malaysia,2016,Rural,99
Malaysia,2014,Total,100
Malaysia,2014,Urban,100
Malaysia,2014,Rural,99
Malaysia,2009,Rural,99
Malaysia,2009,Total,100
Malaysia,2009,Urban,100
Malaysia,2004,Rural,93
Malaysia,2004,Total,96
Malaysia,2004,Urban,99
Malaysia,1999,Total,92
Malaysia,1999,Urban,96
Malaysia,1999,Rural,88
Malaysia,1994,Total,88
Malaysia,1994,Urban,94
Malaysia,1994,Rural,82
Maldives,2016,Total,99
Maldives,2016,Rural,98
Maldives,2016,Urban,100
Maldives,2014,Rural,97
Maldives,2014,Total,98
Maldives,2014,Urban,100
Maldives,2009,Urban,100
Maldives,2009,Total,97
Maldives,2009,Rural,95
Maldives,2004,Total,95
Maldives,2004,Rural,93
Maldives,2004,Urban,100
Maldives,1999,Total,94
Maldives,1999,Rural,91
Maldives,1999,Urban,100
Maldives,1994,Total,93
Maldives,1994,Rural,91
Maldives,1994,Urban,100
Mali,2016,Urban,91
Mali,2016,Rural,54
Mali,2016,Total,67
Mali,2014,Rural,51
Mali,2014,Total,64
Mali,2014,Urban,87
Mali,2009,Rural,43
Mali,2009,Total,54
Mali,2009,Urban,79
Mali,2004,Rural,36
Mali,2004,Total,45
Mali,2004,Urban,70
Mali,1999,Rural,28
Mali,1999,Total,37
Mali,1999,Urban,62
Mali,1994,Urban,53
Mali,1994,Rural,20
Mali,1994,Total,28
Malta,2016,Total,100
Malta,2016,Urban,100
Malta,2016,Rural,100
Malta,2014,Total,100
Malta,2014,Urban,100
Malta,2014,Rural,100
Malta,2009,Total,100
Malta,2009,Urban,100
Malta,2009,Rural,100
Malta,2004,Total,100
Malta,2004,Urban,100
Malta,2004,Rural,100
Malta,1999,Total,100
Malta,1999,Urban,100
Malta,1999,Rural,99
Malta,1994,Total,100
Malta,1994,Urban,100
Malta,1994,Rural,98
Marshall Islands,2016,Urban,93
Marshall Islands,2016,Total,95
Marshall Islands,2016,Rural,98
Marshall Islands,2014,Total,94
Marshall Islands,2014,Rural,97
Marshall Islands,2014,Urban,93
Marshall Islands,2009,Total,94
Marshall Islands,2009,Rural,97
Marshall Islands,2009,Urban,93
Marshall Islands,2004,Urban,92
Marshall Islands,2004,Total,93
Marshall Islands,2004,Rural,96
Marshall Islands,1999,Urban,91
Marshall Islands,1999,Total,93
Marshall Islands,1999,Rural,95
Marshall Islands,1994,Rural,94
Marshall Islands,1994,Urban,91
Marshall Islands,1994,Total,92
Mauritania,2016,Total,50
Mauritania,2016,Urban,52
Mauritania,2016,Rural,48
Mauritania,2014,Total,50
Mauritania,2014,Rural,48
Mauritania,2014,Urban,52
Mauritania,2009,Urban,49
Mauritania,2009,Total,46
Mauritania,2009,Rural,43
Mauritania,2004,Urban,45
Mauritania,2004,Rural,37
Mauritania,2004,Total,40
Mauritania,1999,Rural,32
Mauritania,1999,Urban,41
Mauritania,1999,Total,35
Mauritania,1994,Rural,26
Mauritania,1994,Urban,36
Mauritania,1994,Total,30
Mauritius,2016,Total,100
Mauritius,2016,Urban,100
Mauritius,2016,Rural,100
Mauritius,2014,Total,100
Mauritius,2014,Urban,100
Mauritius,2014,Rural,100
Mauritius,2009,Total,99
Mauritius,2009,Rural,99
Mauritius,2009,Urban,100
Mauritius,2004,Urban,100
Mauritius,2004,Total,99
Mauritius,2004,Rural,99
Mauritius,1999,Total,99
Mauritius,1999,Rural,99
Mauritius,1999,Urban,100
Mauritius,1994,Total,99
Mauritius,1994,Rural,99
Mauritius,1994,Urban,100
Mexico,2016,Urban,96
Mexico,2016,Total,95
Mexico,2016,Rural,91
Mexico,2014,Urban,96
Mexico,2014,Total,94
Mexico,2014,Rural,88
Mexico,2009,Total,91
Mexico,2009,Urban,95
Mexico,2009,Rural,81
Mexico,2004,Urban,94
Mexico,2004,Total,89
Mexico,2004,Rural,73
Mexico,1999,Urban,93
Mexico,1999,Total,86
Mexico,1999,Rural,66
Mexico,1994,Rural,59
Mexico,1994,Urban,92
Mexico,1994,Total,82
Micronesia (Federated States of),2016,Total,89
Micronesia (Federated States of),2016,Urban,95
Micronesia (Federated States of),2016,Rural,87
Micronesia (Federated States of),2014,Urban,95
Micronesia (Federated States of),2014,Rural,88
Micronesia (Federated States of),2014,Total,89
Micronesia (Federated States of),2009,Urban,94
Micronesia (Federated States of),2009,Rural,88
Micronesia (Federated States of),2009,Total,90
Micronesia (Federated States of),2004,Total,90
Micronesia (Federated States of),2004,Rural,89
Micronesia (Federated States of),2004,Urban,94
Micronesia (Federated States of),1999,Total,91
Micronesia (Federated States of),1999,Rural,90
Micronesia (Federated States of),1999,Urban,94
Micronesia (Federated States of),1994,Urban,94
Micronesia (Federated States of),1994,Total,91
Micronesia (Federated States of),1994,Rural,90
Monaco,2016,Total,100
Monaco,2016,Urban,100
Monaco,2014,Total,100
Monaco,2014,Urban,100
Monaco,2009,Total,100
Monaco,2009,Urban,100
Monaco,2004,Total,100
Monaco,2004,Urban,100
Monaco,1999,Total,100
Monaco,1999,Urban,100
Monaco,1994,Total,100
Monaco,1994,Urban,100
Mongolia,2016,Total,85
Mongolia,2016,Rural,61
Mongolia,2016,Urban,95
Mongolia,2014,Urban,94
Mongolia,2014,Rural,57
Mongolia,2014,Total,82
Mongolia,2009,Urban,93
Mongolia,2009,Rural,48
Mongolia,2009,Total,76
Mongolia,2004,Urban,91
Mongolia,2004,Total,68
Mongolia,2004,Rural,38
Mongolia,1999,Urban,90
Mongolia,1999,Total,63
Mongolia,1999,Rural,28
Mongolia,1994,Urban,90
Mongolia,1994,Total,62
Mongolia,1994,Rural,26
Montenegro,2016,Rural,95
Montenegro,2016,Urban,100
Montenegro,2016,Total,98
Montenegro,2014,Rural,95
Montenegro,2014,Total,98
Montenegro,2014,Urban,100
Montenegro,2009,Rural,95
Montenegro,2009,Total,98
Montenegro,2009,Urban,100
Montenegro,2004,Rural,95
Montenegro,2004,Total,98
Montenegro,2004,Urban,100
Montenegro,1999,Rural,95
Montenegro,1999,Urban,100
Montenegro,1999,Total,98
Montenegro,1994,Urban,100
Montenegro,1994,Total,97
Montenegro,1994,Rural,95
Morocco,2016,Rural,64
Morocco,2016,Total,84
Morocco,2016,Urban,98
Morocco,2014,Urban,98
Morocco,2014,Rural,63
Morocco,2014,Total,83
Morocco,2009,Urban,97
Morocco,2009,Rural,60
Morocco,2009,Total,80
Morocco,2004,Urban,96
Morocco,2004,Total,78
Morocco,2004,Rural,58
Morocco,1999,Urban,95
Morocco,1999,Total,76
Morocco,1999,Rural,56
Morocco,1994,Rural,53
Morocco,1994,Total,73
Morocco,1994,Urban,94
Mozambique,2016,Total,49
Mozambique,2016,Rural,35
Mozambique,2016,Urban,80
Mozambique,2014,Urban,79
Mozambique,2014,Rural,34
Mozambique,2014,Total,48
Mozambique,2009,Urban,77
Mozambique,2009,Rural,30
Mozambique,2009,Total,44
Mozambique,2004,Rural,27
Mozambique,2004,Total,41
Mozambique,2004,Urban,75
Mozambique,1999,Urban,73
Mozambique,1999,Total,37
Mozambique,1999,Rural,24
Mozambique,1994,Urban,72
Mozambique,1994,Rural,23
Mozambique,1994,Total,34
Myanmar,2016,Rural,81
Myanmar,2016,Total,86
Myanmar,2016,Urban,95
Myanmar,2014,Rural,78
Myanmar,2014,Total,83
Myanmar,2014,Urban,93
Myanmar,2009,Urban,89
Myanmar,2009,Total,75
Myanmar,2009,Rural,69
Myanmar,2004,Urban,85
Myanmar,2004,Total,67
Myanmar,2004,Rural,60
Myanmar,1999,Urban,82
Myanmar,1999,Rural,51
Myanmar,1999,Total,59
Myanmar,1994,Rural,48
Myanmar,1994,Total,56
Myanmar,1994,Urban,80
Namibia,2016,Urban,98
Namibia,2016,Total,92
Namibia,2016,Rural,87
Namibia,2014,Urban,98
Namibia,2014,Total,90
Namibia,2014,Rural,84
Namibia,2009,Urban,98
Namibia,2009,Rural,77
Namibia,2009,Total,85
Namibia,2004,Total,79
Namibia,2004,Urban,99
Namibia,2004,Rural,70
Namibia,1999,Urban,99
Namibia,1999,Total,73
Namibia,1999,Rural,63
Namibia,1994,Urban,99
Namibia,1994,Rural,55
Namibia,1994,Total,67
Nauru,2016,Total,96
Nauru,2016,Urban,96
Nauru,2014,Total,96
Nauru,2014,Urban,96
Nauru,2009,Total,94
Nauru,2009,Urban,94
Nauru,2004,Total,93
Nauru,2004,Urban,93
Nepal,2016,Urban,90
Nepal,2016,Total,88
Nepal,2016,Rural,88
Nepal,2014,Rural,85
Nepal,2014,Total,86
Nepal,2014,Urban,91
Nepal,2009,Urban,93
Nepal,2009,Rural,80
Nepal,2009,Total,82
Nepal,2004,Total,77
Nepal,2004,Urban,94
Nepal,2004,Rural,74
Nepal,1999,Total,72
Nepal,1999,Rural,69
Nepal,1999,Urban,96
Nepal,1994,Rural,63
Nepal,1994,Total,66
Nepal,1994,Urban,97
Netherlands,2016,Total,100
Netherlands,2016,Urban,100
Netherlands,2016,Rural,100
Netherlands,2014,Total,100
Netherlands,2014,Urban,100
Netherlands,2014,Rural,100
Netherlands,2009,Total,100
Netherlands,2009,Urban,100
Netherlands,2009,Rural,100
Netherlands,2004,Total,100
Netherlands,2004,Urban,100
Netherlands,2004,Rural,100
Netherlands,1999,Total,100
Netherlands,1999,Urban,100
Netherlands,1999,Rural,100
Netherlands,1994,Total,100
Netherlands,1994,Urban,100
Netherlands,1994,Rural,100
New Zealand,2016,Total,100
New Zealand,2016,Urban,100
New Zealand,2016,Rural,100
New Zealand,2014,Total,100
New Zealand,2014,Urban,100
New Zealand,2014,Rural,100
New Zealand,2009,Total,100
New Zealand,2009,Urban,100
New Zealand,2009,Rural,100
New Zealand,2004,Total,100
New Zealand,2004,Urban,100
New Zealand,2004,Rural,100
New Zealand,1999,Total,100
New Zealand,1999,Urban,100
New Zealand,1999,Rural,100
New Zealand,1994,Total,100
New Zealand,1994,Urban,100
New Zealand,1994,Rural,100
Nicaragua,2016,Total,85
Nicaragua,2016,Rural,68
Nicaragua,2016,Urban,98
Nicaragua,2014,Urban,98
Nicaragua,2014,Rural,68
Nicaragua,2014,Total,85
Nicaragua,2009,Urban,97
Nicaragua,2009,Total,83
Nicaragua,2009,Rural,65
Nicaragua,2004,Urban,95
Nicaragua,2004,Total,80
Nicaragua,2004,Rural,62
Nicaragua,1999,Urban,94
Nicaragua,1999,Total,77
Nicaragua,1999,Rural,58
Nicaragua,1994,Rural,54
Nicaragua,1994,Total,74
Nicaragua,1994,Urban,92
Niger,2016,Rural,42
Niger,2016,Total,52
Niger,2016,Urban,99
Niger,2014,Urban,95
Niger,2014,Total,51
Niger,2014,Rural,41
Niger,2009,Urban,87
Niger,2009,Rural,38
Niger,2009,Total,46
Niger,2004,Urban,78
Niger,2004,Total,42
Niger,2004,Rural,35
Niger,1999,Urban,69
Niger,1999,Total,38
Niger,1999,Rural,32
Niger,1994,Urban,61
Niger,1994,Total,34
Niger,1994,Rural,30
Nigeria,2016,Rural,49
Nigeria,2016,Total,64
Nigeria,2016,Urban,79
Nigeria,2014,Rural,47
Nigeria,2014,Total,63
Nigeria,2014,Urban,79
Nigeria,2009,Total,59
Nigeria,2009,Rural,42
Nigeria,2009,Urban,79
Nigeria,2004,Urban,78
Nigeria,2004,Rural,38
Nigeria,2004,Total,55
Nigeria,1999,Urban,78
Nigeria,1999,Rural,33
Nigeria,1999,Total,50
Nigeria,1994,Rural,28
Nigeria,1994,Total,46
Nigeria,1994,Urban,78
Niue,2016,Total,99
Niue,2016,Urban,99
Niue,2016,Rural,99
Niue,2014,Total,99
Niue,2014,Urban,99
Niue,2014,Rural,99
Niue,2009,Total,99
Niue,2009,Urban,99
Niue,2009,Rural,99
Niue,2004,Urban,99
Niue,2004,Rural,99
Niue,2004,Total,99
Niue,1999,Urban,99
Niue,1999,Rural,99
Niue,1999,Total,99
Niue,1994,Total,99
Niue,1994,Urban,99
Niue,1994,Rural,99
Norway,2016,Total,100
Norway,2016,Urban,100
Norway,2016,Rural,100
Norway,2014,Total,100
Norway,2014,Urban,100
Norway,2014,Rural,100
Norway,2009,Total,100
Norway,2009,Urban,100
Norway,2009,Rural,100
Norway,2004,Total,100
Norway,2004,Urban,100
Norway,2004,Rural,100
Norway,1999,Total,100
Norway,1999,Urban,100
Norway,1999,Rural,100
Norway,1994,Total,100
Norway,1994,Urban,100
Norway,1994,Rural,100
Oman,2016,Rural,86
Oman,2016,Total,93
Oman,2016,Urban,95
Oman,2014,Rural,84
Oman,2014,Urban,94
Oman,2014,Total,92
Oman,2009,Urban,91
Oman,2009,Total,88
Oman,2009,Rural,80
Oman,2004,Total,84
Oman,2004,Urban,87
Oman,2004,Rural,75
Oman,1999,Total,80
Oman,1999,Urban,84
Oman,1999,Rural,71
Oman,1994,Total,79
Oman,1994,Urban,83
Oman,1994,Rural,70
Pakistan,2016,Urban,96
Pakistan,2016,Total,91
Pakistan,2016,Rural,89
Pakistan,2014,Urban,96
Pakistan,2014,Total,91
Pakistan,2014,Rural,89
Pakistan,2009,Total,90
Pakistan,2009,Urban,96
Pakistan,2009,Rural,87
Pakistan,2004,Rural,85
Pakistan,2004,Total,88
Pakistan,2004,Urban,96
Pakistan,1999,Rural,83
Pakistan,1999,Total,87
Pakistan,1999,Urban,95
Pakistan,1994,Total,85
Pakistan,1994,Rural,81
Pakistan,1994,Urban,95
Palau,2016,Urban,97
Palau,2014,Total,95
Palau,2014,Urban,97
Palau,2014,Rural,86
Palau,2009,Urban,97
Palau,2009,Total,94
Palau,2009,Rural,84
Palau,2004,Urban,97
Palau,2004,Total,92
Palau,2004,Rural,80
Palau,1999,Urban,97
Palau,1999,Total,91
Palau,1999,Rural,76
Palau,1994,Urban,98
Palau,1994,Total,90
Palau,1994,Rural,72
Panama,2016,Urban,97
Panama,2016,Total,94
Panama,2016,Rural,87
Panama,2014,Urban,97
Panama,2014,Rural,85
Panama,2014,Total,94
Panama,2009,Urban,97
Panama,2009,Total,92
Panama,2009,Rural,80
Panama,2004,Total,90
Panama,2004,Urban,98
Panama,2004,Rural,76
Panama,1999,Rural,72
Panama,1999,Total,87
Panama,1999,Urban,98
Panama,1994,Rural,67
Panama,1994,Total,84
Panama,1994,Urban,98
Papua New Guinea,2016,Total,40
Papua New Guinea,2016,Rural,33
Papua New Guinea,2016,Urban,88
Papua New Guinea,2014,Urban,88
Papua New Guinea,2014,Total,39
Papua New Guinea,2014,Rural,32
Papua New Guinea,2009,Urban,88
Papua New Guinea,2009,Total,37
Papua New Guinea,2009,Rural,29
Papua New Guinea,2004,Urban,88
Papua New Guinea,2004,Total,35
Papua New Guinea,2004,Rural,27
Papua New Guinea,1999,Urban,87
Papua New Guinea,1999,Total,34
Papua New Guinea,1999,Rural,25
Papua New Guinea,1994,Urban,87
Papua New Guinea,1994,Rural,24
Papua New Guinea,1994,Total,34
Paraguay,2016,Total,94
Paraguay,2016,Rural,83
Paraguay,2016,Urban,100
Paraguay,2014,Urban,99
Paraguay,2014,Rural,78
Paraguay,2014,Total,91
Paraguay,2009,Urban,95
Paraguay,2009,Total,83
Paraguay,2009,Rural,65
Paraguay,2004,Urban,91
Paraguay,2004,Rural,51
Paraguay,2004,Total,73
Paraguay,1999,Urban,87
Paraguay,1999,Total,64
Paraguay,1999,Rural,38
Paraguay,1994,Rural,24
Paraguay,1994,Total,53
Paraguay,1994,Urban,83
Peru,2016,Total,87
Peru,2016,Rural,72
Peru,2016,Urban,91
Peru,2014,Urban,91
Peru,2014,Total,86
Peru,2014,Rural,69
Peru,2009,Urban,90
Peru,2009,Rural,63
Peru,2009,Total,83
Peru,2004,Urban,90
Peru,2004,Total,81
Peru,2004,Rural,56
Peru,1999,Urban,89
Peru,1999,Total,78
Peru,1999,Rural,50
Peru,1994,Urban,88
Peru,1994,Total,74
Peru,1994,Rural,44
Philippines,2016,Rural,91
Philippines,2016,Total,92
Philippines,2016,Urban,92
Philippines,2014,Rural,91
Philippines,2014,Total,92
Philippines,2014,Urban,92
Philippines,2009,Total,90
Philippines,2009,Urban,92
Philippines,2009,Rural,87
Philippines,2004,Rural,83
Philippines,2004,Total,88
Philippines,2004,Urban,92
Philippines,1999,Rural,79
Philippines,1999,Total,86
Philippines,1999,Urban,92
Philippines,1994,Rural,75
Philippines,1994,Total,84
Philippines,1994,Urban,92
Poland,2016,Urban,100
Poland,2014,Urban,100
Poland,2009,Urban,100
Poland,2004,Urban,100
Poland,1999,Urban,100
Poland,1994,Urban,100
Portugal,2016,Total,100
Portugal,2016,Urban,100
Portugal,2016,Rural,100
Portugal,2014,Total,100
Portugal,2014,Urban,100
Portugal,2014,Rural,99
Portugal,2009,Total,99
Portugal,2009,Urban,99
Portugal,2009,Rural,98
Portugal,2004,Total,98
Portugal,2004,Urban,99
Portugal,2004,Rural,97
Portugal,1999,Urban,98
Portugal,1999,Total,97
Portugal,1999,Rural,96
Portugal,1994,Urban,98
Portugal,1994,Rural,95
Portugal,1994,Total,96
Qatar,2016,Total,100
Qatar,2016,Urban,100
Qatar,2016,Rural,100
Qatar,2014,Total,100
Qatar,2014,Urban,100
Qatar,2014,Rural,100
Qatar,2009,Total,100
Qatar,2009,Urban,100
Qatar,2009,Rural,100
Qatar,2004,Total,100
Qatar,2004,Urban,100
Qatar,2004,Rural,100
Qatar,1999,Total,100
Qatar,1999,Urban,100
Qatar,1999,Rural,100
Qatar,1994,Total,100
Qatar,1994,Urban,100
Qatar,1994,Rural,100
Republic of Korea,2016,Rural,88
Republic of Korea,2016,Total,98
Republic of Korea,2016,Urban,100
Republic of Korea,2014,Urban,100
Republic of Korea,2014,Total,98
Republic of Korea,2014,Rural,88
Republic of Korea,2009,Urban,99
Republic of Korea,2009,Total,96
Republic of Korea,2009,Rural,83
Republic of Korea,2004,Urban,98
Republic of Korea,2004,Total,93
Republic of Korea,2004,Rural,75
Republic of Korea,1999,Urban,97
Republic of Korea,1999,Total,91
Republic of Korea,1999,Rural,67
Republic of Korea,1994,Urban,97
Republic of Moldova,2016,Rural,94
Republic of Moldova,2016,Total,97
Republic of Moldova,2016,Urban,99
Republic of Moldova,2014,Urban,99
Republic of Moldova,2014,Total,96
Republic of Moldova,2014,Rural,93
Republic of Moldova,2009,Total,94
Republic of Moldova,2009,Rural,91
Republic of Moldova,2009,Urban,99
Republic of Moldova,2004,Total,93
Republic of Moldova,2004,Rural,89
Republic of Moldova,2004,Urban,99
Republic of Moldova,1999,Rural,88
Republic of Moldova,1999,Total,93
Republic of Moldova,1999,Urban,98
Republic of Moldova,1994,Urban,98
Romania,2016,Urban,99
Romania,2014,Urban,99
Romania,2009,Rural,76
Romania,2009,Urban,99
Romania,2009,Total,88
Romania,2004,Urban,97
Romania,2004,Total,84
Romania,2004,Rural,70
Romania,1999,Urban,95
Romania,1999,Total,80
Romania,1999,Rural,62
Romania,1994,Urban,93
Romania,1994,Total,75
Romania,1994,Rural,55
Russian Federation,2016,Total,97
Russian Federation,2016,Rural,92
Russian Federation,2016,Urban,99
Russian Federation,2014,Urban,99
Russian Federation,2014,Total,97
Russian Federation,2014,Rural,92
Russian Federation,2009,Rural,89
Russian Federation,2009,Total,96
Russian Federation,2009,Urban,98
Russian Federation,2004,Rural,86
Russian Federation,2004,Total,95
Russian Federation,2004,Urban,98
Russian Federation,1999,Rural,83
Russian Federation,1999,Total,94
Russian Federation,1999,Urban,98
Russian Federation,1994,Rural,80
Russian Federation,1994,Total,93
Russian Federation,1994,Urban,98
Rwanda,2016,Urban,81
Rwanda,2016,Total,71
Rwanda,2016,Rural,68
Rwanda,2014,Urban,82
Rwanda,2014,Total,70
Rwanda,2014,Rural,67
Rwanda,2009,Total,68
Rwanda,2009,Rural,65
Rwanda,2009,Urban,84
Rwanda,2004,Urban,86
Rwanda,2004,Total,66
Rwanda,2004,Rural,63
Rwanda,1999,Urban,88
Rwanda,1999,Total,63
Rwanda,1999,Rural,61
Rwanda,1994,Urban,90
Rwanda,1994,Rural,59
Rwanda,1994,Total,60
Saint Kitts and Nevis,2016,Total,98
Saint Kitts and Nevis,2016,Urban,98
Saint Kitts and Nevis,2016,Rural,98
Saint Kitts and Nevis,2014,Total,98
Saint Kitts and Nevis,2014,Urban,98
Saint Kitts and Nevis,2014,Rural,98
Saint Kitts and Nevis,2009,Total,98
Saint Kitts and Nevis,2009,Urban,98
Saint Kitts and Nevis,2009,Rural,98
Saint Kitts and Nevis,2004,Total,98
Saint Kitts and Nevis,2004,Urban,98
Saint Kitts and Nevis,2004,Rural,98
Saint Kitts and Nevis,1999,Total,98
Saint Kitts and Nevis,1999,Urban,98
Saint Kitts and Nevis,1999,Rural,98
Saint Kitts and Nevis,1994,Total,98
Saint Kitts and Nevis,1994,Urban,98
Saint Kitts and Nevis,1994,Rural,98
Saint Lucia,2016,Rural,93
Saint Lucia,2016,Total,94
Saint Lucia,2016,Urban,99
Saint Lucia,2014,Urban,98
Saint Lucia,2014,Total,94
Saint Lucia,2014,Rural,93
Saint Lucia,2009,Urban,98
Saint Lucia,2009,Rural,93
Saint Lucia,2009,Total,94
Saint Lucia,2004,Total,94
Saint Lucia,2004,Urban,97
Saint Lucia,2004,Rural,93
Saint Lucia,1999,Urban,96
Saint Lucia,1999,Total,94
Saint Lucia,1999,Rural,92
Saint Lucia,1994,Urban,96
Saint Lucia,1994,Rural,92
Saint Lucia,1994,Total,93
Saint Vincent and the Grenadines,2016,Total,95
Saint Vincent and the Grenadines,2016,Urban,95
Saint Vincent and the Grenadines,2016,Rural,95
Saint Vincent and the Grenadines,2014,Urban,95
Saint Vincent and the Grenadines,2014,Rural,95
Saint Vincent and the Grenadines,2014,Total,95
Saint Vincent and the Grenadines,2009,Total,95
Saint Vincent and the Grenadines,2009,Urban,95
Saint Vincent and the Grenadines,2009,Rural,95
Saint Vincent and the Grenadines,2004,Urban,93
Saint Vincent and the Grenadines,2004,Rural,93
Saint Vincent and the Grenadines,2004,Total,93
Saint Vincent and the Grenadines,1999,Urban,91
Saint Vincent and the Grenadines,1999,Rural,91
Saint Vincent and the Grenadines,1999,Total,91
Saint Vincent and the Grenadines,1994,Total,88
Saint Vincent and the Grenadines,1994,Urban,88
Saint Vincent and the Grenadines,1994,Rural,88
Samoa,2016,Urban,97
Samoa,2016,Total,99
Samoa,2016,Rural,99
Samoa,2014,Total,98
Samoa,2014,Rural,98
Samoa,2014,Urban,97
Samoa,2009,Total,95
Samoa,2009,Rural,95
Samoa,2009,Urban,97
Samoa,2004,Total,93
Samoa,2004,Urban,97
Samoa,2004,Rural,92
Samoa,1999,Rural,90
Samoa,1999,Total,91
Samoa,1999,Urban,97
Samoa,1994,Rural,87
Samoa,1994,Total,89
Samoa,1994,Urban,97
Sao Tome and Principe,2016,Total,97
Sao Tome and Principe,2016,Rural,94
Sao Tome and Principe,2016,Urban,99
Sao Tome and Principe,2014,Total,95
Sao Tome and Principe,2014,Urban,98
Sao Tome and Principe,2014,Rural,91
Sao Tome and Principe,2009,Urban,92
Sao Tome and Principe,2009,Total,87
Sao Tome and Principe,2009,Rural,81
Sao Tome and Principe,2004,Urban,86
Sao Tome and Principe,2004,Total,78
Sao Tome and Principe,2004,Rural,70
Sao Tome and Principe,1999,Urban,83
Sao Tome and Principe,1999,Rural,65
Sao Tome and Principe,1999,Total,74
Saudi Arabia,2016,Urban,97
Saudi Arabia,2016,Rural,97
Saudi Arabia,2016,Total,97
Saudi Arabia,2014,Urban,97
Saudi Arabia,2014,Rural,97
Saudi Arabia,2014,Total,97
Saudi Arabia,2009,Urban,97
Saudi Arabia,2009,Rural,97
Saudi Arabia,2009,Total,97
Saudi Arabia,2004,Total,95
Saudi Arabia,2004,Urban,95
Saudi Arabia,2004,Rural,95
Saudi Arabia,1999,Total,93
Saudi Arabia,1999,Urban,93
Saudi Arabia,1999,Rural,93
Saudi Arabia,1994,Urban,92
Saudi Arabia,1994,Rural,92
Saudi Arabia,1994,Total,92
Senegal,2016,Urban,92
Senegal,2016,Rural,60
Senegal,2016,Total,74
Senegal,2014,Urban,92
Senegal,2014,Rural,59
Senegal,2014,Total,73
Senegal,2009,Urban,91
Senegal,2009,Total,70
Senegal,2009,Rural,54
Senegal,2004,Urban,90
Senegal,2004,Total,66
Senegal,2004,Rural,50
Senegal,1999,Urban,89
Senegal,1999,Total,63
Senegal,1999,Rural,46
Senegal,1994,Urban,89
Senegal,1994,Total,60
Senegal,1994,Rural,42
Serbia,2016,Total,99
Serbia,2016,Urban,99
Serbia,2016,Rural,99
Serbia,2014,Total,99
Serbia,2014,Urban,99
Serbia,2014,Rural,99
Serbia,2009,Total,99
Serbia,2009,Rural,99
Serbia,2009,Urban,100
Serbia,2004,Rural,99
Serbia,2004,Total,100
Serbia,2004,Urban,100
Serbia,1999,Total,99
Serbia,1999,Rural,99
Serbia,1999,Urban,100
Serbia,1994,Urban,100
Serbia,1994,Total,99
Serbia,1994,Rural,99
Seychelles,2016,Urban,96
Seychelles,2016,Rural,96
Seychelles,2016,Total,96
Seychelles,2014,Total,96
Seychelles,2014,Urban,96
Seychelles,2014,Rural,96
Seychelles,2009,Total,96
Seychelles,2009,Urban,96
Seychelles,2009,Rural,96
Seychelles,2004,Total,96
Seychelles,2004,Urban,96
Seychelles,2004,Rural,96
Seychelles,1999,Total,96
Seychelles,1999,Urban,96
Seychelles,1999,Rural,96
Seychelles,1994,Total,96
Seychelles,1994,Urban,96
Seychelles,1994,Rural,96
Sierra Leone,2016,Rural,42
Sierra Leone,2016,Total,60
Sierra Leone,2016,Urban,87
Sierra Leone,2014,Rural,41
Sierra Leone,2014,Total,58
Sierra Leone,2014,Urban,85
Sierra Leone,2009,Total,53
Sierra Leone,2009,Rural,36
Sierra Leone,2009,Urban,80
Sierra Leone,2004,Rural,31
Sierra Leone,2004,Total,47
Sierra Leone,2004,Urban,76
Sierra Leone,1999,Urban,71
Sierra Leone,1999,Rural,27
Sierra Leone,1999,Total,42
Sierra Leone,1994,Rural,22
Sierra Leone,1994,Total,37
Sierra Leone,1994,Urban,66
Singapore,2016,Total,100
Singapore,2016,Urban,100
Singapore,2014,Total,100
Singapore,2014,Urban,100
Singapore,2009,Total,100
Singapore,2009,Urban,100
Singapore,2004,Total,100
Singapore,2004,Urban,100
Singapore,1999,Total,100
Singapore,1999,Urban,100
Singapore,1994,Total,100
Singapore,1994,Urban,100
Slovakia,2016,Total,100
Slovakia,2016,Urban,100
Slovakia,2016,Rural,100
Slovakia,2014,Total,100
Slovakia,2014,Urban,100
Slovakia,2014,Rural,100
Slovakia,2009,Total,100
Slovakia,2009,Urban,100
Slovakia,2009,Rural,100
Slovakia,2004,Total,100
Slovakia,2004,Urban,100
Slovakia,2004,Rural,100
Slovakia,1999,Total,100
Slovakia,1999,Urban,100
Slovakia,1999,Rural,100
Slovakia,1994,Total,100
Slovakia,1994,Urban,100
Slovakia,1994,Rural,100
Slovenia,2016,Total,100
Slovenia,2016,Urban,100
Slovenia,2016,Rural,99
Slovenia,2014,Total,100
Slovenia,2014,Urban,100
Slovenia,2014,Rural,99
Slovenia,2009,Total,100
Slovenia,2009,Urban,100
Slovenia,2009,Rural,99
Slovenia,2004,Total,100
Slovenia,2004,Urban,100
Slovenia,2004,Rural,99
Slovenia,1999,Total,100
Slovenia,1999,Urban,100
Slovenia,1999,Rural,99
Slovenia,1994,Total,100
Slovenia,1994,Urban,100
Slovenia,1994,Rural,99
Solomon Islands,2016,Rural,77
Solomon Islands,2016,Total,81
Solomon Islands,2016,Urban,93
Solomon Islands,2014,Rural,77
Solomon Islands,2014,Total,80
Solomon Islands,2014,Urban,93
Solomon Islands,2009,Urban,93
Solomon Islands,2009,Rural,77
Solomon Islands,2009,Total,80
Solomon Islands,2004,Urban,93
Solomon Islands,2004,Rural,77
Solomon Islands,2004,Total,80
Somalia,2014,Urban,70
Somalia,2014,Rural,9
Somalia,2014,Total,31
Somalia,2009,Urban,60
Somalia,2009,Rural,11
Somalia,2009,Total,28
Somalia,2004,Rural,16
Somalia,2004,Total,23
Somalia,2004,Urban,38
Somalia,1999,Urban,24
Somalia,1999,Rural,20
Somalia,1999,Total,21
South Africa,2016,Total,95
South Africa,2016,Rural,88
South Africa,2016,Urban,99
South Africa,2014,Urban,99
South Africa,2014,Total,94
South Africa,2014,Rural,85
South Africa,2009,Total,90
South Africa,2009,Urban,99
South Africa,2009,Rural,79
South Africa,2004,Total,87
South Africa,2004,Urban,98
South Africa,2004,Rural,72
South Africa,1999,Rural,65
South Africa,1999,Total,83
South Africa,1999,Urban,98
South Africa,1994,Urban,98
South Africa,1994,Rural,63
South Africa,1994,Total,81
South Sudan,2016,Total,57
South Sudan,2016,Rural,55
South Sudan,2016,Urban,63
Spain,2016,Total,100
Spain,2016,Urban,100
Spain,2016,Rural,100
Spain,2014,Total,100
Spain,2014,Urban,100
Spain,2014,Rural,100
Spain,2009,Total,100
Spain,2009,Urban,100
Spain,2009,Rural,100
Spain,2004,Total,100
Spain,2004,Urban,100
Spain,2004,Rural,100
Spain,1999,Total,100
Spain,1999,Urban,100
Spain,1999,Rural,100
Spain,1994,Total,100
Spain,1994,Urban,100
Spain,1994,Rural,100
Sri Lanka,2016,Total,94
Sri Lanka,2016,Rural,93
Sri Lanka,2016,Urban,99
Sri Lanka,2014,Urban,98
Sri Lanka,2014,Total,91
Sri Lanka,2014,Rural,90
Sri Lanka,2009,Urban,97
Sri Lanka,2009,Rural,83
Sri Lanka,2009,Total,85
Sri Lanka,2004,Urban,95
Sri Lanka,2004,Total,79
Sri Lanka,2004,Rural,76
Sri Lanka,1999,Urban,93
Sri Lanka,1999,Rural,69
Sri Lanka,1999,Total,73
Sri Lanka,1994,Urban,92
Sri Lanka,1994,Rural,63
Sri Lanka,1994,Total,68
Sudan,2016,Rural,50
Sudan,2016,Urban,66
Sudan,2016,Total,55
Sudan,2014,Rural,50
Sudan,2014,Total,55
Sudan,2014,Urban,66
Sudan,2009,Urban,71
Sudan,2009,Rural,53
Sudan,2009,Total,58
Sudan,2004,Urban,76
Sudan,2004,Total,62
Sudan,2004,Rural,56
Sudan,1999,Total,66
Sudan,1999,Urban,81
Sudan,1999,Rural,59
Sudan,1994,Total,67
Sudan,1994,Rural,61
Sudan,1994,Urban,86
Suriname,2016,Rural,88
Suriname,2016,Total,95
Suriname,2016,Urban,98
Suriname,2014,Urban,98
Suriname,2014,Total,94
Suriname,2014,Rural,86
Suriname,2009,Total,92
Suriname,2009,Urban,98
Suriname,2009,Rural,79
Suriname,2004,Total,89
Suriname,2004,Urban,98
Suriname,2004,Rural,73
Suriname,1999,Total,87
Suriname,1999,Rural,70
Suriname,1999,Urban,98
Suriname,1994,Urban,98
Swaziland,2016,Urban,94
Swaziland,2016,Total,74
Swaziland,2016,Rural,69
Swaziland,2014,Urban,93
Swaziland,2014,Rural,64
Swaziland,2014,Total,70
Swaziland,2009,Urban,91
Swaziland,2009,Total,61
Swaziland,2009,Rural,53
Swaziland,2004,Urban,89
Swaziland,2004,Total,52
Swaziland,2004,Rural,41
Swaziland,1999,Urban,87
Swaziland,1999,Total,43
Swaziland,1999,Rural,30
Swaziland,1994,Urban,86
Swaziland,1994,Rural,25
Swaziland,1994,Total,39
Sweden,2016,Total,100
Sweden,2016,Urban,100
Sweden,2016,Rural,100
Sweden,2014,Total,100
Sweden,2014,Urban,100
Sweden,2014,Rural,100
Sweden,2009,Total,100
Sweden,2009,Urban,100
Sweden,2009,Rural,100
Sweden,2004,Total,100
Sweden,2004,Urban,100
Sweden,2004,Rural,100
Sweden,1999,Total,100
Sweden,1999,Urban,100
Sweden,1999,Rural,100
Sweden,1994,Total,100
Sweden,1994,Urban,100
Sweden,1994,Rural,100
Switzerland,2016,Total,100
Switzerland,2016,Urban,100
Switzerland,2016,Rural,100
Switzerland,2014,Total,100
Switzerland,2014,Urban,100
Switzerland,2014,Rural,100
Switzerland,2009,Total,100
Switzerland,2009,Urban,100
Switzerland,2009,Rural,100
Switzerland,2004,Total,100
Switzerland,2004,Urban,100
Switzerland,2004,Rural,100
Switzerland,1999,Total,100
Switzerland,1999,Urban,100
Switzerland,1999,Rural,100
Switzerland,1994,Total,100
Switzerland,1994,Urban,100
Switzerland,1994,Rural,100
Syrian Arab Republic,2016,Rural,87
Syrian Arab Republic,2016,Urban,92
Syrian Arab Republic,2016,Total,90
Syrian Arab Republic,2014,Urban,93
Syrian Arab Republic,2014,Total,90
Syrian Arab Republic,2014,Rural,86
Syrian Arab Republic,2009,Total,89
Syrian Arab Republic,2009,Urban,94
Syrian Arab Republic,2009,Rural,82
Syrian Arab Republic,2004,Total,88
Syrian Arab Republic,2004,Rural,79
Syrian Arab Republic,2004,Urban,95
Syrian Arab Republic,1999,Total,86
Syrian Arab Republic,1999,Rural,76
Syrian Arab Republic,1999,Urban,97
Syrian Arab Republic,1994,Urban,97
Syrian Arab Republic,1994,Total,86
Syrian Arab Republic,1994,Rural,75
Tajikistan,2016,Urban,93
Tajikistan,2016,Total,72
Tajikistan,2016,Rural,64
Tajikistan,2014,Urban,93
Tajikistan,2014,Total,70
Tajikistan,2014,Rural,61
Tajikistan,2009,Urban,93
Tajikistan,2009,Total,65
Tajikistan,2009,Rural,55
Tajikistan,2004,Urban,92
Tajikistan,2004,Rural,48
Tajikistan,2004,Total,60
Tajikistan,1999,Urban,92
Tajikistan,1999,Rural,44
Tajikistan,1999,Total,58
Thailand,2016,Rural,95
Thailand,2016,Total,96
Thailand,2016,Urban,97
Thailand,2014,Rural,95
Thailand,2014,Total,96
Thailand,2014,Urban,97
Thailand,2009,Rural,93
Thailand,2009,Total,94
Thailand,2009,Urban,97
Thailand,2004,Total,92
Thailand,2004,Rural,90
Thailand,2004,Urban,97
Thailand,1999,Total,89
Thailand,1999,Urban,96
Thailand,1999,Rural,86
Thailand,1994,Urban,96
Thailand,1994,Total,86
Thailand,1994,Rural,82
The former Yugoslav Republic of Macedonia,2016,Total,99
The former Yugoslav Republic of Macedonia,2016,Rural,99
The former Yugoslav Republic of Macedonia,2016,Urban,100
The former Yugoslav Republic of Macedonia,2014,Total,99
The former Yugoslav Republic of Macedonia,2014,Rural,99
The former Yugoslav Republic of Macedonia,2014,Urban,100
The former Yugoslav Republic of Macedonia,2009,Total,99
The former Yugoslav Republic of Macedonia,2009,Rural,99
The former Yugoslav Republic of Macedonia,2009,Urban,100
The former Yugoslav Republic of Macedonia,2004,Total,99
The former Yugoslav Republic of Macedonia,2004,Rural,99
The former Yugoslav Republic of Macedonia,2004,Urban,100
The former Yugoslav Republic of Macedonia,1999,Total,99
The former Yugoslav Republic of Macedonia,1999,Rural,99
The former Yugoslav Republic of Macedonia,1999,Urban,100
The former Yugoslav Republic of Macedonia,1994,Total,99
The former Yugoslav Republic of Macedonia,1994,Rural,99
The former Yugoslav Republic of Macedonia,1994,Urban,100
Timor-Leste,2016,Urban,95
Timor-Leste,2016,Rural,61
Timor-Leste,2016,Total,70
Timor-Leste,2014,Rural,59
Timor-Leste,2014,Total,68
Timor-Leste,2014,Urban,91
Timor-Leste,2009,Rural,54
Timor-Leste,2009,Total,61
Timor-Leste,2009,Urban,80
Timor-Leste,2004,Urban,69
Timor-Leste,2004,Rural,50
Timor-Leste,2004,Total,54
Timor-Leste,1999,Urban,67
Timor-Leste,1999,Total,53
Timor-Leste,1999,Rural,49
Togo,2016,Total,61
Togo,2016,Urban,92
Togo,2016,Rural,41
Togo,2014,Urban,90
Togo,2014,Total,59
Togo,2014,Rural,41
Togo,2009,Urban,87
Togo,2009,Total,56
Togo,2009,Rural,40
Togo,2004,Urban,85
Togo,2004,Total,53
Togo,2004,Rural,38
Togo,1999,Urban,82
Togo,1999,Total,51
Togo,1999,Rural,37
Togo,1994,Urban,79
Togo,1994,Rural,36
Togo,1994,Total,48
Tonga,2016,Total,99
Tonga,2016,Urban,99
Tonga,2016,Rural,99
Tonga,2014,Total,99
Tonga,2014,Urban,99
Tonga,2014,Rural,99
Tonga,2009,Total,99
Tonga,2009,Rural,99
Tonga,2009,Urban,98
Tonga,2004,Total,99
Tonga,2004,Rural,99
Tonga,2004,Urban,98
Tonga,1999,Total,99
Tonga,1999,Rural,99
Tonga,1999,Urban,98
Tonga,1994,Total,99
Tonga,1994,Rural,99
Tonga,1994,Urban,98
Trinidad and Tobago,2016,Urban,97
Trinidad and Tobago,2014,Urban,97
Trinidad and Tobago,2014,Total,94
Trinidad and Tobago,2014,Rural,93
Trinidad and Tobago,2009,Urban,97
Trinidad and Tobago,2009,Total,93
Trinidad and Tobago,2009,Rural,93
Trinidad and Tobago,2004,Urban,96
Trinidad and Tobago,2004,Total,92
Trinidad and Tobago,2004,Rural,92
Trinidad and Tobago,1999,Urban,95
Trinidad and Tobago,1999,Total,91
Trinidad and Tobago,1999,Rural,91
Trinidad and Tobago,1994,Urban,94
Trinidad and Tobago,1994,Total,90
Trinidad and Tobago,1994,Rural,90
Tunisia,2016,Total,97
Tunisia,2016,Rural,90
Tunisia,2016,Urban,100
Tunisia,2014,Total,96
Tunisia,2014,Urban,100
Tunisia,2014,Rural,88
Tunisia,2009,Total,93
Tunisia,2009,Urban,99
Tunisia,2009,Rural,82
Tunisia,2004,Total,89
Tunisia,2004,Urban,97
Tunisia,2004,Rural,76
Tunisia,1999,Urban,96
Tunisia,1999,Total,86
Tunisia,1999,Rural,69
Tunisia,1994,Total,82
Tunisia,1994,Rural,63
Tunisia,1994,Urban,95
Turkey,2016,Rural,99
Turkey,2016,Total,100
Turkey,2016,Urban,100
Turkey,2014,Total,100
Turkey,2014,Urban,100
Turkey,2014,Rural,99
Turkey,2009,Urban,99
Turkey,2009,Rural,92
Turkey,2009,Total,96
Turkey,2004,Urban,97
Turkey,2004,Total,93
Turkey,2004,Rural,85
Turkey,1999,Rural,79
Turkey,1999,Urban,95
Turkey,1999,Total,89
Turkey,1994,Rural,73
Turkey,1994,Total,85
Turkey,1994,Urban,94
Turkmenistan,2016,Urban,89
Turkmenistan,2016,Rural,54
Turkmenistan,2016,Total,71
Turkmenistan,2014,Urban,89
Turkmenistan,2014,Rural,54
Turkmenistan,2014,Total,71
Turkmenistan,2009,Urban,92
Turkmenistan,2009,Rural,60
Turkmenistan,2009,Total,75
Turkmenistan,2004,Total,83
Turkmenistan,2004,Urban,97
Turkmenistan,2004,Rural,72
Turkmenistan,1999,Urban,99
Turkmenistan,1999,Total,86
Turkmenistan,1999,Rural,76
Turkmenistan,1994,Urban,99
Tuvalu,2016,Rural,97
Tuvalu,2016,Total,98
Tuvalu,2016,Urban,98
Tuvalu,2014,Total,98
Tuvalu,2014,Urban,98
Tuvalu,2014,Rural,97
Tuvalu,2009,Urban,97
Tuvalu,2009,Total,96
Tuvalu,2009,Rural,95
Tuvalu,2004,Urban,95
Tuvalu,2004,Total,94
Tuvalu,2004,Rural,93
Tuvalu,1999,Rural,91
Tuvalu,1999,Total,92
Tuvalu,1999,Urban,93
Tuvalu,1994,Urban,92
Tuvalu,1994,Rural,89
Tuvalu,1994,Total,90
Uganda,2016,Urban,95
Uganda,2016,Rural,71
Uganda,2016,Total,75
Uganda,2014,Rural,68
Uganda,2014,Total,72
Uganda,2014,Urban,93
Uganda,2009,Urban,89
Uganda,2009,Rural,60
Uganda,2009,Total,64
Uganda,2004,Urban,85
Uganda,2004,Rural,53
Uganda,2004,Total,56
Uganda,1999,Urban,81
Uganda,1999,Total,49
Uganda,1999,Rural,45
Uganda,1994,Urban,77
Uganda,1994,Rural,37
Uganda,1994,Total,42
Ukraine,2016,Total,98
Ukraine,2016,Urban,98
Ukraine,2016,Rural,98
Ukraine,2014,Total,98
Ukraine,2014,Urban,98
Ukraine,2014,Rural,98
Ukraine,2009,Rural,95
Ukraine,2009,Urban,99
Ukraine,2009,Total,98
Ukraine,2004,Rural,92
Ukraine,2004,Total,97
Ukraine,2004,Urban,99
Ukraine,1999,Rural,91
Ukraine,1999,Total,97
Ukraine,1999,Urban,100
Ukraine,1994,Urban,100
United Arab Emirates,2016,Total,100
United Arab Emirates,2016,Urban,100
United Arab Emirates,2016,Rural,100
United Arab Emirates,2014,Total,100
United Arab Emirates,2014,Urban,100
United Arab Emirates,2014,Rural,100
United Arab Emirates,2009,Total,100
United Arab Emirates,2009,Urban,100
United Arab Emirates,2009,Rural,100
United Arab Emirates,2004,Total,100
United Arab Emirates,2004,Urban,100
United Arab Emirates,2004,Rural,100
United Arab Emirates,1999,Total,100
United Arab Emirates,1999,Urban,100
United Arab Emirates,1999,Rural,100
United Arab Emirates,1994,Total,100
United Arab Emirates,1994,Urban,100
United Arab Emirates,1994,Rural,100
United Kingdom,2016,Total,100
United Kingdom,2016,Urban,100
United Kingdom,2016,Rural,100
United Kingdom,2014,Total,100
United Kingdom,2014,Urban,100
United Kingdom,2014,Rural,100
United Kingdom,2009,Total,100
United Kingdom,2009,Urban,100
United Kingdom,2009,Rural,100
United Kingdom,2004,Total,100
United Kingdom,2004,Urban,100
United Kingdom,2004,Rural,100
United Kingdom,1999,Total,100
United Kingdom,1999,Urban,100
United Kingdom,1999,Rural,100
United Kingdom,1994,Total,100
United Kingdom,1994,Urban,100
United Kingdom,1994,Rural,100
United Republic of Tanzania,2016,Total,53
United Republic of Tanzania,2016,Rural,44
United Republic of Tanzania,2016,Urban,78
United Republic of Tanzania,2014,Urban,79
United Republic of Tanzania,2014,Total,53
United Republic of Tanzania,2014,Rural,44
United Republic of Tanzania,2009,Rural,45
United Republic of Tanzania,2009,Total,54
United Republic of Tanzania,2009,Urban,83
United Republic of Tanzania,2004,Urban,87
United Republic of Tanzania,2004,Total,54
United Republic of Tanzania,2004,Rural,45
United Republic of Tanzania,1999,Urban,90
United Republic of Tanzania,1999,Rural,46
United Republic of Tanzania,1999,Total,55
United Republic of Tanzania,1994,Rural,46
United Republic of Tanzania,1994,Total,55
United Republic of Tanzania,1994,Urban,94
United States of America,2016,Rural,98
United States of America,2016,Total,99
United States of America,2016,Urban,99
United States of America,2014,Rural,98
United States of America,2014,Total,99
United States of America,2014,Urban,99
United States of America,2009,Urban,100
United States of America,2009,Total,99
United States of America,2009,Rural,97
United States of America,2004,Urban,100
United States of America,2004,Total,99
United States of America,2004,Rural,96
United States of America,1999,Rural,95
United States of America,1999,Total,99
United States of America,1999,Urban,100
United States of America,1994,Rural,94
United States of America,1994,Urban,100
United States of America,1994,Total,98
Uruguay,2016,Rural,95
Uruguay,2016,Total,99
Uruguay,2016,Urban,100
Uruguay,2014,Total,99
Uruguay,2014,Urban,100
Uruguay,2014,Rural,93
Uruguay,2009,Urban,99
Uruguay,2009,Total,98
Uruguay,2009,Rural,87
Uruguay,2004,Total,97
Uruguay,2004,Urban,99
Uruguay,2004,Rural,81
Uruguay,1999,Total,96
Uruguay,1999,Urban,98
Uruguay,1999,Rural,76
Uruguay,1994,Urban,98
Uruguay,1994,Total,95
Uruguay,1994,Rural,75
Uzbekistan,2016,Rural,81
Uzbekistan,2016,Total,87
Uzbekistan,2016,Urban,98
Uzbekistan,2014,Urban,98
Uzbekistan,2014,Rural,81
Uzbekistan,2014,Total,87
Uzbekistan,2009,Urban,98
Uzbekistan,2009,Total,88
Uzbekistan,2009,Rural,82
Uzbekistan,2004,Rural,83
Uzbekistan,2004,Total,89
Uzbekistan,2004,Urban,98
Uzbekistan,1999,Rural,85
Uzbekistan,1999,Urban,97
Uzbekistan,1999,Total,90
Uzbekistan,1994,Rural,85
Uzbekistan,1994,Total,90
Uzbekistan,1994,Urban,97
Vanuatu,2016,Rural,88
Vanuatu,2016,Total,91
Vanuatu,2016,Urban,98
Vanuatu,2014,Urban,98
Vanuatu,2014,Rural,87
Vanuatu,2014,Total,89
Vanuatu,2009,Urban,97
Vanuatu,2009,Total,83
Vanuatu,2009,Rural,79
Vanuatu,2004,Urban,96
Vanuatu,2004,Rural,71
Vanuatu,2004,Total,76
Vanuatu,1999,Urban,95
Vanuatu,1999,Total,69
Vanuatu,1999,Rural,63
Vanuatu,1994,Urban,94
Vanuatu,1994,Rural,55
Vanuatu,1994,Total,62
Venezuela (Bolivarian Republic of),2009,Rural,75
Venezuela (Bolivarian Republic of),2009,Urban,94
Venezuela (Bolivarian Republic of),2009,Total,93
Venezuela (Bolivarian Republic of),2004,Urban,94
Venezuela (Bolivarian Republic of),2004,Total,92
Venezuela (Bolivarian Republic of),2004,Rural,74
Venezuela (Bolivarian Republic of),1999,Rural,73
Venezuela (Bolivarian Republic of),1999,Total,91
Venezuela (Bolivarian Republic of),1999,Urban,94
Venezuela (Bolivarian Republic of),1994,Rural,71
Venezuela (Bolivarian Republic of),1994,Urban,93
Venezuela (Bolivarian Republic of),1994,Total,90
Viet Nam,2016,Rural,94
Viet Nam,2016,Total,95
Viet Nam,2016,Urban,98
Viet Nam,2014,Urban,98
Viet Nam,2014,Rural,90
Viet Nam,2014,Total,92
Viet Nam,2009,Urban,96
Viet Nam,2009,Rural,81
Viet Nam,2009,Total,85
Viet Nam,2004,Total,77
Viet Nam,2004,Urban,94
Viet Nam,2004,Rural,72
Viet Nam,1999,Urban,92
Viet Nam,1999,Rural,63
Viet Nam,1999,Total,69
Viet Nam,1994,Urban,90
Viet Nam,1994,Total,61
Viet Nam,1994,Rural,54
Yemen,2016,Rural,47
Yemen,2016,Urban,72
Yemen,2016,Total,55
Yemen,2014,Rural,47
Yemen,2014,Total,55
Yemen,2014,Urban,72
Yemen,2009,Urban,76
Yemen,2009,Total,56
Yemen,2009,Rural,49
Yemen,2004,Urban,83
Yemen,2004,Total,60
Yemen,2004,Rural,52
Yemen,1999,Urban,89
Yemen,1999,Rural,55
Yemen,1999,Total,63
Yemen,1994,Urban,96
Yemen,1994,Rural,59
Yemen,1994,Total,66
Zambia,2016,Total,63
Zambia,2016,Urban,85
Zambia,2016,Rural,49
Zambia,2014,Total,62
Zambia,2014,Rural,47
Zambia,2014,Urban,85
Zambia,2009,Total,57
Zambia,2009,Rural,41
Zambia,2009,Urban,86
Zambia,2004,Urban,87
Zambia,2004,Total,53
Zambia,2004,Rural,35
Zambia,1999,Urban,88
Zambia,1999,Total,51
Zambia,1999,Rural,29
Zambia,1994,Total,49
Zambia,1994,Rural,23
Zambia,1994,Urban,89
Zimbabwe,2016,Total,80
Zimbabwe,2016,Rural,69
Zimbabwe,2016,Urban,97
Zimbabwe,2014,Urban,98
Zimbabwe,2014,Total,80
Zimbabwe,2014,Rural,69
Zimbabwe,2009,Urban,98
Zimbabwe,2009,Total,80
Zimbabwe,2009,Rural,69
Zimbabwe,2004,Total,80
Zimbabwe,2004,Urban,99
Zimbabwe,2004,Rural,70
Zimbabwe,1999,Urban,99
Zimbabwe,1999,Total,79
Zimbabwe,1999,Rural,70
Zimbabwe,1994,Total,79
Zimbabwe,1994,Rural,71
Zimbabwe,1994,Urban,100
